ID,Hashes,Algorithms,VirusTotal,,,,Basic Properties,,,,History,,,,,"Names (top 3 names only, null if < 3 names)",,
,,,Detection (sample: 4/69),Hash-MD5,Hash-SHA1,Hash-SHA256,File Type,Magic,Creation Time,Signature Date,First Seen in the Wild,First Submission,Last Submission,Last Analysis,Name1,Name2,Name3,Verdict (Benign or Malicious)
1,ï»¿1217746c141eec70a23f191cfbcaff8d,Unknown,N/A,N/A,N/A,N/A,N/A,N/A,N/A,N/A,N/A,N/A,N/A,N/A,null,null,null,N/A
2,12583e6a823028d30f25a31bf950a22281e8fe0e751df565bdb82545ba787533,SHA256,Jan-76,278b01b1e48ec0eee9fbc7837b9075cf,e8b3f78f61995904cec3aa384fd301476de1d75c,12583e6a823028d30f25a31bf950a22281e8fe0e751df565bdb82545ba787533,Win32 EXE,"PE32 executable (GUI) Intel 80386 Mono/.Net assembly, for MS Windows",18/05/2012 14:47,N/A,18/05/2012 0:47,15/01/2013 8:10,27/11/2024 5:32,27/11/2024 5:32,dotfuscator.exe,12583e6a823028d30f25a31bf950a22281e8fe0e751df565bdb82545ba787533.exe,Dotfuscator.exe,Malicious
3,126f8b45e69f303f0cf816a002e4dd041d276dd80c1efd9dce8141acfc178a6e,SHA256,58/81,eb1c42db6eb1092483ad3029216f8173,c7f0c42a5360890e24ebeaa48cefac80471e1253,126f8b45e69f303f0cf816a002e4dd041d276dd80c1efd9dce8141acfc178a6e,Win32 EXE,"PE32 executable (GUI) Intel 80386, for MS Windows, UPX compressed",16/06/2024 16:27,N/A,N/A,17/06/2024 2:06,20/06/2024 9:30,21/02/2025 18:02,126f8b45e69f303f0cf816a002e4dd041d276dd80c1efd9dce8141acfc178a6e.exe,W916821131.exe,null,Malicious
4,12702d35b691f2ba448daa3f77eb8e7e,MD5,N/A,N/A,N/A,N/A,N/A,N/A,N/A,N/A,N/A,N/A,N/A,N/A,null,null,null,N/A
5,1272bf402ae8ccbb3cf205ff7a41c254,MD5,57/76,1272bf402ae8ccbb3cf205ff7a41c254,52d28b2b076f582ccda0304a1e2a430c771ab8c6,bdf8ef0a24b1b9ba71a13b952efb5d41ae80b761fbf8bf433d1a36cf53b92668,Win32 EXE,"PE32+ executable (GUI) x86-64 Mono/.Net assembly, for MS Windows",05/09/2086 8:55,N/A,15/06/2024 8:34,15/06/2024 8:16,15/06/2024 16:18,27/02/2025 2:34,Exiqupajinilizeg,Unilaluto,bdf8ef0a24b1b9ba71a13b952efb5d41ae80b761fbf8bf433d1a36cf53b92668.exe,Malicious
6,1297f1f387c81dc458fb172684b98c9a,MD5,N/A,N/A,N/A,N/A,N/A,N/A,N/A,N/A,N/A,N/A,N/A,N/A,null,null,null,N/A
7,12af9b9f6b959ff3e485f920791a3f2b,MD5,56/76,12af9b9f6b959ff3e485f920791a3f2b,b6254799f197b6e0e0d1a7d6b007295a3d89bf99,c83b397d726a68cb69486d1c7501a83c8970cdda87f53553d7614f58023c7f87,Win32 EXE,"PE32 executable (GUI) Intel 80386, for MS Windows",03/03/2022 13:15,N/A,N/A,01/06/2024 14:50,24/06/2024 1:39,22/01/2025 16:41,Extreme injector v3.exe,c83b397d726a68cb69486d1c7501a83c8970cdda87f53553d7614f58023c7f87.exe,TMACv6.0.9_Setup.exe,Malicious
8,12e5133a7afe6b63885323e76c12871a06062fabcafcf55b32d77f5278dc7509,SHA256,0/76,96cf9d2f3ee3f14de12d5169cd587ba4,eeb45463ee0874123144e7a82344d3ff78a70da3,12e5133a7afe6b63885323e76c12871a06062fabcafcf55b32d77f5278dc7509,Office Open XML Document,Microsoft Word 2007+,18/09/2020 14:11,N/A,N/A,26/10/2020 4:31,27/11/2024 5:31,27/11/2024 5:31,12e5133a7afe6b63885323e76c12871a06062fabcafcf55b32d77f5278dc7509.ole,model-election-notice.docx,null,Benign
9,12f761d52c940abafdabb724d0a7cfdf502b4b64,SHA1,N/A,N/A,N/A,N/A,N/A,N/A,N/A,N/A,N/A,N/A,N/A,N/A,null,null,null,N/A
10,130e262fc8d5700e44df1213fa857f7f,MD5,55/76,130e262fc8d5700e44df1213fa857f7f,e503933d4e1906f7ad224b2e81a67a9b2ac8119e,2de9fa092d7c352b538462db3b0a9aa757924ad55383b24a61e797cf3cf08372,Win32 EXE,"PE32 executable (GUI) Intel 80386 Mono/.Net assembly, for MS Windows",11/06/2024 4:29,N/A,N/A,14/06/2024 8:27,18/06/2024 15:56,22/01/2025 13:11,nfCUL.exe,2de9fa092d7c352b538462db3b0a9aa757924ad55383b24a61e797cf3cf08372.exe,wanmgr.exe,Malicious
11,13294e555f869acc326cd58ee0defe297ba8d9cc,SHA1,N/A,N/A,N/A,N/A,N/A,N/A,N/A,N/A,N/A,N/A,N/A,N/A,null,null,null,N/A
12,132c8a585cbe28460ea7ddd653ae81a3,MD5,64/76,132c8a585cbe28460ea7ddd653ae81a3,11b90d9030f473577e9484617803481ff3aa3a66,8ff4a66cbb6e2c5d533470e6b3c01dc0658f859a291604158df7f631ded35e2d,Win32 EXE,"PE32 executable (GUI) Intel 80386, for MS Windows",15/02/2022 4:15,N/A,N/A,16/06/2024 13:22,17/06/2024 18:08,22/01/2025 13:14,8ff4a66cbb6e2c5d533470e6b3c01dc0658f859a291604158df7f631ded35e2d.exe,svchost.exe,1.exe,Malicious
13,136139163e08c606ee0b3888a66db89f54ec29d4,SHA1,N/A,N/A,N/A,N/A,N/A,N/A,N/A,N/A,N/A,N/A,N/A,N/A,null,null,null,N/A
14,137cdda328358c0d48a5f9dd1c71e1bd97b8f503,SHA1,N/A,N/A,N/A,N/A,N/A,N/A,N/A,N/A,N/A,N/A,N/A,N/A,null,null,null,N/A
15,13d49297ec65c3d38f36547252179f43,MD5,43/76,13d49297ec65c3d38f36547252179f43,084f4e9cf53ba4dad230cca4b4f1c1895fd70586,c93a840e32e2ea251cbffb9c73c1c8f72ff6eed85a74ded6b06956dcc2175ad8,ELF,"ELF 32-bit MSB executable, SPARC, version 1 (SYSV), statically linked, not stripped",N/A,N/A,16/06/2024 12:02,16/06/2024 10:53,17/06/2024 18:57,17/02/2025 2:05,c93a840e32e2ea251cbffb9c73c1c8f72ff6eed85a74ded6b06956dcc2175ad8.elf,UnHAnaAW.spc,13d49297ec65c3d38f36547252179f43.virus,Malicious
16,13f3a0c2a11b82e4225ce617e297b77966b11066,SHA1,N/A,N/A,N/A,N/A,N/A,N/A,N/A,N/A,N/A,N/A,N/A,N/A,null,null,null,N/A
17,1420b45b7ca1b037bc1e4c2653065fa46069dc3c7d271557c7f6f26801323b32,SHA256,63/76,3ce6c1f599dd930453ae0cfeffcef60d,12a5acbd7b8939090e443657cbc755e40d6f7903,1420b45b7ca1b037bc1e4c2653065fa46069dc3c7d271557c7f6f26801323b32,Win32 EXE,"PE32 executable (GUI) Intel 80386, for MS Windows",22/02/2023 0:16,N/A,16/06/2024 9:01,16/06/2024 7:34,17/06/2024 16:04,28/01/2025 12:55,1420b45b7ca1b037bc1e4c2653065fa46069dc3c7d271557c7f6f26801323b32.exe,null,null,Malicious
18,14d40ef80d51c7fdf46c3c1c87c2737f,MD5,N/A,N/A,N/A,N/A,N/A,N/A,N/A,N/A,N/A,N/A,N/A,N/A,null,null,null,N/A
19,14de93c0296fd8e1225cfd59f2730678,MD5,57/76,14de93c0296fd8e1225cfd59f2730678,a017765841e4248df55ca237181d6ce3ee946965,7f40bfb86707faf0ec8978614840ab858320d1978bc351546833272b7b70c854,Win32 EXE,"PE32 executable (GUI) Intel 80386 Mono/.Net assembly, for MS Windows",12/06/2024 1:48,N/A,16/06/2024 3:27,13/06/2024 8:30,18/06/2024 19:15,12/02/2025 0:03,PO.exe,ixorI.exe,7f40b.exe,Malicious
20,14e6875bd8cb22f07d49214c000b0851,MD5,41/76,14e6875bd8cb22f07d49214c000b0851,3023220c6e2e44847b38f31cb9c3f8a9d01856df,dd1b3e859dabe893249b1084e998bdd90537a3451df527a46ecea958e15c10f8,ELF,"ELF 32-bit LSB executable, ARM, EABI4 version 1 (SYSV), statically linked, with debug_info, not stripped",N/A,N/A,16/06/2024 14:01,16/06/2024 12:36,17/06/2024 19:15,12/02/2025 10:04,dd1b3e859dabe893249b1084e998bdd90537a3451df527a46ecea958e15c10f8.elf,bot.arm7,bot.arm7.elf,Malicious
21,151b9caa4cf17703a2ee7880d0855eeb57241c9d,SHA1,N/A,N/A,N/A,N/A,N/A,N/A,N/A,N/A,N/A,N/A,N/A,N/A,null,null,null,N/A
22,155375bf02e4cf36dbe0db6eec3e39f35958fb13283d09a20b758539f490a780,SHA256,Jan-76,09fa9091523283d9e374c1cf2d13984c,33101f6e02a1b7b4fc955f62b84a1673e3ac173b,155375bf02e4cf36dbe0db6eec3e39f35958fb13283d09a20b758539f490a780,Win32 EXE,"PE32 executable (console) Intel 80386, for MS Windows",01/01/2002 1:18,N/A,26/06/2011 17:43,28/03/2011 5:28,09/03/2025 16:20,10/03/2025 23:07,xampp_start.exe,5pojx.exe,3754971500.exe,Malicious
23,1585ddea99fa80e79d8099380cc1d2d69e1f2b94,SHA1,N/A,N/A,N/A,N/A,N/A,N/A,N/A,N/A,N/A,N/A,N/A,N/A,null,null,null,N/A
24,15f948da0e0786ee883bc9714ee6b47a,MD5,54/76,15f948da0e0786ee883bc9714ee6b47a,13d0747a12ce2783ac3a1d225d760cd5b2ed1aa1,88b889a1477c81510c62a46c9eb1d77d386c59dceb0523e8b5734b6dde252573,Win32 EXE,"PE32 executable (GUI) Intel 80386, for MS Windows",03/03/2022 13:16,N/A,13/06/2024 0:22,12/06/2024 21:52,15/06/2024 16:19,22/02/2025 21:01,88b889a1477c81510c62a46c9eb1d77d386c59dceb0523e8b5734b6dde252573.exe,15f948da0e0786ee883bc9714ee6b47a.virus,null,Malicious
25,1622234ecf504b564fbdde67996d415a,MD5,N/A,N/A,N/A,N/A,N/A,N/A,N/A,N/A,N/A,N/A,N/A,N/A,null,null,null,N/A
26,165f00ab1f380c01f69529ced857af3e3aa06d2e,SHA1,N/A,N/A,N/A,N/A,N/A,N/A,N/A,N/A,N/A,N/A,N/A,N/A,null,null,null,N/A
27,1675acbb90c95113e54499b7c734b93da02614e5,SHA1,N/A,N/A,N/A,N/A,N/A,N/A,N/A,N/A,N/A,N/A,N/A,N/A,null,null,null,N/A
28,16d52786d50d7c0bad6ef837ec04aa3c,MD5,57/76,16d52786d50d7c0bad6ef837ec04aa3c,ffa63681d10949806d3a8de68610460271062ffe,b108df3575c8f9c77577486a92b52fe55bfb6508acca68b22250d8e1fc0494fb,Win32 EXE,"PE32 executable (GUI) Intel 80386, for MS Windows",01/12/2020 18:00,N/A,N/A,10/06/2024 12:27,16/06/2024 13:16,12/02/2025 2:02,b108df3575c8f9c77577486a92b52fe55bfb6508acca68b22250d8e1fc0494fb.exe,Robux_Generate.scr,null,Malicious
29,16fa8d8412b2cf1eb56c093ea7464c21,MD5,N/A,N/A,N/A,N/A,N/A,N/A,N/A,N/A,N/A,N/A,N/A,N/A,null,null,null,N/A
30,1724bf93af4c371ce30369f59b3b43bf,MD5,59/77,1724bf93af4c371ce30369f59b3b43bf,555106c85d133a1362904317afdae88e8c8d6b43,b26fa277f86ce0b561cd4c563fc0e2a44623fdc0ad0cf97d6222537937df50f4,Win32 EXE,"PE32 executable (GUI) Intel 80386, for MS Windows, Nullsoft Installer self-extracting archive",16/12/2019 0:50,N/A,N/A,17/06/2024 4:40,18/06/2024 18:16,12/03/2025 6:37,kattepoter.exe,Specifications.exe,immeritoriously.exe,Malicious
31,1759e507643732b3dbf42209a77a7141,MD5,N/A,N/A,N/A,N/A,N/A,N/A,N/A,N/A,N/A,N/A,N/A,N/A,null,null,null,N/A
32,177aacccce5d4492ee5c401d9ee5bf14,MD5,55/76,177aacccce5d4492ee5c401d9ee5bf14,fcea4c7e06d1084c27bb5fc3923f7d4f595c8d11,262372ce5998ce0f80e57f4b759d3cdff340a2b54589dbd75502851d7f13bacf,Win32 EXE,"PE32 executable (GUI) Intel 80386, for MS Windows",17/12/2013 15:48,N/A,N/A,25/05/2024 22:35,15/06/2024 12:25,30/01/2025 18:09,dwtrig20.exe,262372ce5998ce0f80e57f4b759d3cdff340a2b54589dbd75502851d7f13bacf.exe,DWTRIG20.EXE,Malicious
33,177bd40a804e3d661efac805f17ef313,MD5,N/A,N/A,N/A,N/A,N/A,N/A,N/A,N/A,N/A,N/A,N/A,N/A,null,null,null,N/A
34,17bbf89e686da7e0ec6afc47109a3288691fe8bf47651eae561450a652ef6c2e,SHA256,0/77,cbd7400e71ebc2c9cee545c7a064d387,95c5a70dae983e0a50a81886835e9f1c2b3cdd81,17bbf89e686da7e0ec6afc47109a3288691fe8bf47651eae561450a652ef6c2e,Win32 EXE,"PE32+ executable (console) x86-64 (stripped to external PDB), for MS Windows",01/01/1970 22:13,N/A,N/A,10/03/2017 10:53,28/10/2024 0:04,28/10/2024 0:04,17bbf89e686da7e0ec6afc47109a3288691fe8bf47651eae561450a652ef6c2e.exe,gcc-nm.exe,x86_64-w64-mingw32-gcc-nm.exe,Benign
35,17e977e2f4d8f9a3de8e01eaa1c82ccca63789cacc135859f665046a4a990dc8,SHA256,0/76,b80f9142071f80cef88bc2df5bd42e33,94e65d0ba4767120548582ac8a785e0ae71ce1d6,17e977e2f4d8f9a3de8e01eaa1c82ccca63789cacc135859f665046a4a990dc8,Win32 EXE,"PE32+ executable (GUI) x86-64, for MS Windows",N/A,N/A,23/05/2017 14:50,11/05/2017 21:24,26/11/2024 14:17,26/11/2024 14:17,file-pix,file-pix.exe,17e977e2f4d8f9a3de8e01eaa1c82ccca63789cacc135859f665046a4a990dc8.exe,Benign
36,180be9e8a2d8a40fe80015c755a4b888b6b2e2a2,SHA1,N/A,N/A,N/A,N/A,N/A,N/A,N/A,N/A,N/A,N/A,N/A,N/A,null,null,null,N/A
37,189939c4deeb9c142e5fee807045c319e2c5e522,SHA1,N/A,N/A,N/A,N/A,N/A,N/A,N/A,N/A,N/A,N/A,N/A,N/A,null,null,null,N/A
38,18b1e64bf47da6237638d031f1b78732,MD5,N/A,N/A,N/A,N/A,N/A,N/A,N/A,N/A,N/A,N/A,N/A,N/A,null,null,null,N/A
39,18df6d8f142b48ed56451dd40ddc5a78f1c72738,SHA1,N/A,N/A,N/A,N/A,N/A,N/A,N/A,N/A,N/A,N/A,N/A,N/A,null,null,null,N/A
40,18f7854fe807cd2b3fceb1b3744e43e0,MD5,55/76,18f7854fe807cd2b3fceb1b3744e43e0,4970ccd617a871a017ea8de886ce5a8009f69ae3,d18d1a6d34a410c5f84ce2956dae5e7da524def75e787d882eb23d361f0af341,Win32 EXE,"PE32+ executable (GUI) x86-64 Mono/.Net assembly, for MS Windows",02/10/2039 20:38,N/A,15/06/2024 3:30,14/06/2024 23:34,18/06/2024 1:10,21/02/2025 6:01,Awixoqoqeqem,Exisiqizopuwuhiyiwu,18f7854fe807cd2b3fceb1b3744e43e0_NeikiAnalytics.exe,Malicious
41,1924d6f7e0b45c4567c57f5090401ec3,MD5,56/76,1924d6f7e0b45c4567c57f5090401ec3,c0da952791eaec1357ad01d0fb4d980ac1ad5774,55166645f6596044bfa732a171da3b27a25ec74efc2ca66fed87b7c236da7311,Win32 EXE,"PE32 executable (GUI) Intel 80386 Mono/.Net assembly, for MS Windows",04/05/2022 16:03,N/A,N/A,10/06/2024 14:57,17/06/2024 13:44,20/02/2025 22:01,libGLESv2.dll,Malware.Agent.Gen@AI!B70035-.EXE-20241228-55166645f6596044bfa732a171da3b27a25ec74efc2ca66fed87b7c236da7311.ET,55166645f6596044bfa732a171da3b27a25ec74efc2ca66fed87b7c236da7311.exe,Malicious
42,193cd70a73e750a178eb91b05b8a15f988b1499cb77c37c9a9f2e2e22d98ce59,SHA256,0/76,929fa031afa7751fb7491ec6c6ab2aa1,67240eb47ef3ee89f5b960528004de126d941b6e,193cd70a73e750a178eb91b05b8a15f988b1499cb77c37c9a9f2e2e22d98ce59,Win32 EXE,"PE32 executable (console) Intel 80386 Mono/.Net assembly, for MS Windows",11/02/2012 3:07,N/A,10/02/2012 20:07,02/12/2012 16:40,27/11/2024 6:02,27/11/2024 6:02,ControlService,CONTROLSERVICE.EXE,ControlService.exe,Benign
43,195d5f19f6ffde8780067e466f76b090,MD5,58/76,195d5f19f6ffde8780067e466f76b090,8708f5dac4bf119382661adce42a6adf7349ed7f,1773d652eedac25cd64b91f0bff1bb15150c0dc60c1a3ca66cf3106f13549d87,Win32 EXE,"PE32 executable (GUI) Intel 80386, for MS Windows",03/03/2022 13:15,N/A,N/A,31/05/2024 10:53,16/06/2024 14:17,10/03/2025 9:40,A2,Drizzy.exe,Nexus (2).exe,Malicious
44,19995d4f056621cbb6e3efe5c8c7f8272785f3e2e1ad232c0b38ee7fe9785c16,SHA256,57/75,d691371e056162719020be5750ce2178,70e0dc7e250bc9f34c8c4962413c2828179ee279,19995d4f056621cbb6e3efe5c8c7f8272785f3e2e1ad232c0b38ee7fe9785c16,Win32 EXE,"PE32 executable (GUI) Intel 80386 Mono/.Net assembly, for MS Windows",10/06/2024 5:19,N/A,N/A,10/06/2024 9:13,18/06/2024 15:21,04/02/2025 0:02,PfwNV.exe,19995d4f056621cbb6e3efe5c8c7f8272785f3e2e1ad232c0b38ee7fe9785c16.exe,19995d4f056621cbb6e3efe5c8c7f8272785f3e2e1ad232c0b38ee7fe9785c16,Malicious
45,199b3fac9ac583cee18d6967a14ad6f4,MD5,59/76,199b3fac9ac583cee18d6967a14ad6f4,71875ea5dbd2ed7e16b34476e1f05fcbe164603d,48bc1d427c46a8e213d03ce347162f3fd2076766ddff3e70bd52b95f967e8e49,Win32 EXE,"PE32 executable (GUI) Intel 80386, for MS Windows",15/06/2024 15:36,N/A,15/06/2024 17:23,15/06/2024 16:59,18/06/2024 19:17,22/01/2025 14:34,48bc1d427c46a8e213d03ce347162f3fd2076766ddff3e70bd52b95f967e8e49.exe,199b3fac9ac583cee18d6967a14ad6f4,48bc1.exe,Malicious
46,19bb71e425b7c21b1065181b9a9207d9,MD5,N/A,N/A,N/A,N/A,N/A,N/A,N/A,N/A,N/A,N/A,N/A,N/A,null,null,null,N/A
47,19d36aabe344cae70a3658db4752c0c604d226b69fabf6cd07fe467884fccf84,SHA256,0/76,e0fc69323d43d68e4b1e59e1901d44cc,053daf62cf5f72a6fc19c602e3739ee51227b5da,19d36aabe344cae70a3658db4752c0c604d226b69fabf6cd07fe467884fccf84,Win32 EXE,"PE32+ executable (console) x86-64, for MS Windows",04/07/2016 19:11,N/A,04/07/2016 12:11,04/10/2016 1:13,28/11/2024 5:48,28/11/2024 5:48,19d36aabe344cae70a3658db4752c0c604d226b69fabf6cd07fe467884fccf84.exe,b215.exe,genrb.exe,Benign
48,19d574967f0d5612621810f928d27fd1218f8286c401901ec5c7fef75284f2b9,SHA256,0/75,bb98b083464246c18f9b2c8e246dea82,12bef5282cd5b98758445bae2c432197ac817a2a,19d574967f0d5612621810f928d27fd1218f8286c401901ec5c7fef75284f2b9,Win32 EXE,"PE32 executable (GUI) Intel 80386, for MS Windows",14/08/2015 21:00,N/A,14/08/2015 14:00,28/08/2015 7:12,27/11/2024 6:02,27/11/2024 6:02,vmware-kvm.exe,vmkvm,19d574967f0d5612621810f928d27fd1218f8286c401901ec5c7fef75284f2b9.exe,Benign
49,1a0c12385aa2d7c9d2a1883088cef1660147c55cddd296bead1307c0ed5e71ed,SHA256,47/76,5c7c35a68e36521f25dfa263c1559734,2f7bed41866f8724b4f7abbc48f1e5ae10595440,1a0c12385aa2d7c9d2a1883088cef1660147c55cddd296bead1307c0ed5e71ed,Win32 EXE,"PE32 executable (GUI) Intel 80386, for MS Windows",16/06/2024 11:21,N/A,N/A,16/06/2024 22:06,20/06/2024 9:11,30/01/2025 19:20,ENAgent,ENAgent.exe,1a0c12385aa2d7c9d2a1883088cef1660147c55cddd296bead1307c0ed5e71ed.exe,Malicious
50,1a3a6d3227364a05e8a3b2af5484e3cc,MD5,N/A,N/A,N/A,N/A,N/A,N/A,N/A,N/A,N/A,N/A,N/A,N/A,null,null,null,N/A
51,1a5ac349e153a9e2927c8f8e13512942,MD5,59/76,1a5ac349e153a9e2927c8f8e13512942,428d38db93636fcdba6d3ecc81cd1a87da4fb8fe,85b290b96ca4f8961e4782cce593270116d246dbd243c3eb2b4121542cae8e71,Win32 EXE,"PE32 executable (GUI) Intel 80386 Mono/.Net assembly, for MS Windows",17/06/2024 1:50,N/A,17/06/2024 3:27,17/06/2024 2:40,20/06/2024 9:20,23/01/2025 6:49,seKv.exe,DHL_Awb#7758790443.exe,85b290b96ca4f8961e4782cce593270116d246dbd243c3eb2b4121542cae8e71.exe,Malicious
52,1a6955d26907b3c83f10ede259494ff2d68ab210e1090cb6806e05d1dca36869,SHA256,0/76,e7bf93d03adba8222eedfee901e28d67,5a76cd0e28234d454adf1459ea3cff4699b53dcc,1a6955d26907b3c83f10ede259494ff2d68ab210e1090cb6806e05d1dca36869,Win32 EXE,"PE32 executable (GUI) Intel 80386, for MS Windows",10/07/2015 3:30,N/A,09/07/2015 20:30,18/07/2015 4:03,27/11/2024 6:13,27/11/2024 6:13,SystemPropertiesComputerName,SystemPropertiesComputerName.EXE,1a6955d26907b3c83f10ede259494ff2d68ab210e1090cb6806e05d1dca36869.exe,Benign
53,1a6b0ccc16974c3edd98687ece68beb45b75b8684719e764fd16b3c296acef39,SHA256,0/76,f608fce383d06c945a71a11bf944f7e1,5688bf469690647ce139bf8e0ca21794e77636d7,1a6b0ccc16974c3edd98687ece68beb45b75b8684719e764fd16b3c296acef39,Win32 EXE,"PE32+ executable (GUI) x86-64, for MS Windows",30/07/1970 11:10,N/A,04/12/2017 16:39,11/05/2017 21:26,26/11/2024 14:27,10/03/2025 11:39,tile-small,tile-small.exe,1a6b0ccc16974c3edd98687ece68beb45b75b8684719e764fd16b3c296acef39.exe,Benign
54,1a9bf3eefdcdc052a1046fb93c81ede9b5239545,SHA1,N/A,N/A,N/A,N/A,N/A,N/A,N/A,N/A,N/A,N/A,N/A,N/A,null,null,null,N/A
55,1a9cb2c9c61b20d6c0e4478650bfa0c1b5f21809,SHA1,N/A,N/A,N/A,N/A,N/A,N/A,N/A,N/A,N/A,N/A,N/A,N/A,null,null,null,N/A
56,1accf6605bf18e60fb0bf11087a21417eddfb26e16d396dbca7658ec4d6e7c88,SHA256,0/76,5c93405ce260537acfbd0acbcab666c4,5000796af1be20b047fa3acbe011f04ca38fe968,1accf6605bf18e60fb0bf11087a21417eddfb26e16d396dbca7658ec4d6e7c88,Win32 EXE,"PE32 executable (console) Intel 80386 (stripped to external PDB), for MS Windows",07/01/1970 18:56,N/A,N/A,08/02/2015 15:48,27/11/2024 6:15,27/11/2024 6:15,unzipsfx.exe,1accf6605bf18e60fb0bf11087a21417eddfb26e16d396dbca7658ec4d6e7c88.exe,b597.exe,Benign
57,1ad1dbfd882d316d54533100758891daf5f2b711,SHA1,N/A,N/A,N/A,N/A,N/A,N/A,N/A,N/A,N/A,N/A,N/A,N/A,null,null,null,N/A
58,1adbcbb00cc5d0cb83ec5ffaafe807a7595c6794,SHA1,N/A,N/A,N/A,N/A,N/A,N/A,N/A,N/A,N/A,N/A,N/A,N/A,null,null,null,N/A
59,1b2cb60adec7219b41195bb486015ff5,MD5,60/76,1b2cb60adec7219b41195bb486015ff5,a065802a894f50fcae3bf5536021639c01075dc3,a9dd6da84775261c48db7a25f937586a5c7d79e802d8e5bf22466e936b3643ac,Win32 EXE,"PE32 executable (GUI) Intel 80386 Mono/.Net assembly, for MS Windows",14/06/2024 14:11,N/A,N/A,14/06/2024 14:11,17/06/2024 18:30,11/02/2025 23:03,a9dd6da84775261c48db7a25f937586a5c7d79e802d8e5bf22466e936b3643ac.exe,Java update.exe,Server.exe,Malicious
60,1b4c329b9dce80be1ef804375e94c5633dea9ea3,SHA1,N/A,N/A,N/A,N/A,N/A,N/A,N/A,N/A,N/A,N/A,N/A,N/A,null,null,null,N/A
61,1b659577ee067b0221e6307b18410920,MD5,59/76,1b659577ee067b0221e6307b18410920,a6beba245eb711258ef905c94e38be364ebeb144,01f342c2201904ec19bbd8c5fc36d10c1c92c5cfdb4b3266dceb928f1d2efb97,Win32 EXE,"PE32 executable (GUI) Intel 80386 Mono/.Net assembly, for MS Windows",14/06/2024 5:02,N/A,17/06/2024 6:31,14/06/2024 7:24,24/06/2024 6:45,15/02/2025 19:01,CinY.exe,Payment List.exe,unknown,Malicious
62,1b69588e2be71a506fb1a18b3df21f6e74b823c2,SHA1,N/A,N/A,N/A,N/A,N/A,N/A,N/A,N/A,N/A,N/A,N/A,N/A,null,null,null,N/A
63,1b7e3147d7c8788bf21388b0cd4f2bf3,MD5,N/A,N/A,N/A,N/A,N/A,N/A,N/A,N/A,N/A,N/A,N/A,N/A,null,null,null,N/A
64,1b8393fee1e1db145ff63491330bf4ffa243093da889fcf8456a05971b7e7da2,SHA256,44/76,8783ddab03fc1053ca4094f20f62eff0,f4a694633685142805e5a15e1e14e53597f946b8,1b8393fee1e1db145ff63491330bf4ffa243093da889fcf8456a05971b7e7da2,ELF,"ELF 32-bit LSB executable, Intel 80386, version 1 (SYSV), statically linked, stripped",N/A,N/A,17/06/2024 7:03,17/06/2024 6:49,18/06/2024 15:28,11/02/2025 15:03,1b8393fee1e1db145ff63491330bf4ffa243093da889fcf8456a05971b7e7da2.elf,xova.x86,zbetcheckin_tracker_xova.x86,Malicious
65,1c309be2afef0bcdba3f3df8a7649127b898987ddac6fb6c69b25fd617f421d9,SHA256,0/76,56ef53c5afbc211c13ab7a30cfae8ae4,e93d7fe564326ee577f33c9f31968bf57143b08a,1c309be2afef0bcdba3f3df8a7649127b898987ddac6fb6c69b25fd617f421d9,Win32 EXE,"PE32 executable (console) Intel 80386 Mono/.Net assembly, for MS Windows",27/07/2012 0:25,N/A,26/07/2012 16:25,16/01/2013 7:14,26/11/2024 14:56,26/11/2024 14:56,TfsDeleteProject.exe,1c309be2afef0bcdba3f3df8a7649127b898987ddac6fb6c69b25fd617f421d9.exe,TFSDeleteProject.exe (copy),Benign
66,1c344888c75ef573d259b23a96f8e1869094ebab109ede37cb6a9d0cdc8d186e,SHA256,0/76,625d78dc4060e81d7a11829e152d56df,a1aa45da8b33781a2b16c9ead17394ea2ce328cc,1c344888c75ef573d259b23a96f8e1869094ebab109ede37cb6a9d0cdc8d186e,Win32 EXE,"PE32 executable (GUI) Intel 80386, for MS Windows",12/08/2015 2:21,N/A,11/08/2015 19:21,26/08/2015 17:52,27/11/2024 5:20,27/11/2024 5:20,VMwareToolsUpgrader.exe,upgrader,upgrader.exe,Benign
67,1c3e3d696b04ec910dd3385f0296e950b62a4a72,SHA1,N/A,N/A,N/A,N/A,N/A,N/A,N/A,N/A,N/A,N/A,N/A,N/A,null,null,null,N/A
68,1c56f7e7eddc792f68ac6f3cab2a4681,MD5,59/76,1c56f7e7eddc792f68ac6f3cab2a4681,ec7d386f705bec9d369afc8a01cfcbfb36f7518d,b473ef5a2e4a6af3a8fb6e05a5f337de350ed961465a87525a19074a419071e2,Win32 EXE,"PE32 executable (GUI) Intel 80386 Mono/.Net assembly, for MS Windows",04/05/2022 16:03,N/A,N/A,12/06/2024 6:43,18/06/2024 18:18,11/03/2025 2:57,b473ef5a2e4a6af3a8fb6e05a5f337de350ed961465a87525a19074a419071e2.exe,RCX181E.tmp,1.exe,Malicious
69,1c639fbba837b57f28691e7f210a034dd1b55380a13649a64e47be55bb8308a0,SHA256,0/77,4c408063941cadff2ec81da2ac5234de,37ef3fbc523750ac8f2f8337e4857280166c5d0b,1c639fbba837b57f28691e7f210a034dd1b55380a13649a64e47be55bb8308a0,Win32 EXE,"PE32+ executable (console) x86-64, for MS Windows",10/07/2015 3:15,N/A,09/07/2015 20:15,16/07/2015 13:11,16/10/2024 7:46,16/10/2024 7:46,findstr.exe,1c639fbba837b57f28691e7f210a034dd1b55380a13649a64e47be55bb8308a0.exe,findstr,Benign
70,1cbc71df006196d19c24517df8165bfb,MD5,27/76,1cbc71df006196d19c24517df8165bfb,044f3fdc6aab00ebe809928ea80e06afe909561b,c1bd2251d2d43150e4c44d133c774327c9b22b6b9e4d293ba1d166d422c1d150,Win32 EXE,"PE32 executable (GUI) Intel 80386, for MS Windows",25/03/2013 18:14,N/A,N/A,14/06/2024 17:36,16/06/2024 13:31,06/03/2025 8:33,virussign.com_1cbc71df006196d19c24517df8165bfb.vir,c1bd2251d2d43150e4c44d133c774327c9b22b6b9e4d293ba1d166d422c1d150.exe,c1bd2251d2d43150e4c44d133c774327c9b22b6b9e4d293ba1d166d422c1d150.exe.vir,Malicious
71,1cc8e4170179934a59233f34c2af53b6,MD5,17/76,1cc8e4170179934a59233f34c2af53b6,ff7f2eee6e96476eeb9452a93550e6e84e35b98d,7e69827061badbc60857da82492217ba76ed14d71711d4587ce44b9545081976,ZIP,"Zip archive data, at least v1.0 to extract, compression method=store",N/A,N/A,N/A,15/06/2024 16:17,16/06/2024 12:26,06/03/2025 20:39,7e69827061badbc60857da82492217ba76ed14d71711d4587ce44b9545081976.zip,null,null,Malicious
72,1cfa7cd31ec2b9516acdce9a0ed1ced63f247f4e76b744e998c8863d05fb6ace,SHA256,55/75,6fffc516753caa53d626b60a55445609,cb00cc1225b06f528bd6f13eb641c3e841d9471f,1cfa7cd31ec2b9516acdce9a0ed1ced63f247f4e76b744e998c8863d05fb6ace,Win32 EXE,"PE32 executable (GUI) Intel 80386 Mono/.Net assembly, for MS Windows",16/06/2024 19:48,N/A,N/A,17/06/2024 6:48,20/06/2024 9:11,05/02/2025 13:03,brush_complite.exe,1cfa7cd31ec2b9516acdce9a0ed1ced63f247f4e76b744e998c8863d05fb6ace.exe,Nf1QjIuHnr0DvKcGBk8MNWGS.exe,Malicious
73,1d2d450742e4ed4fb8486fd7e3892828dd97bbf63f0e23b0975725bdc18ce766,SHA256,0/77,15145587dc28119ff26cd04a39047bda,095d5001b6c82b57f6d8064db9e4375b9ed33ecc,1d2d450742e4ed4fb8486fd7e3892828dd97bbf63f0e23b0975725bdc18ce766,Win32 EXE,"PE32+ executable (GUI) x86-64, for MS Windows",10/07/2015 3:19,N/A,09/07/2015 20:19,16/07/2015 0:02,16/10/2024 7:42,16/10/2024 7:42,1d2d450742e4ed4fb8486fd7e3892828dd97bbf63f0e23b0975725bdc18ce766.exe,winver,WINVER.EXE,Benign
74,1d3a32909de7256112d4472c5b93b62d,MD5,59/75,1d3a32909de7256112d4472c5b93b62d,8d4f2768136f0a65c8f3d65ab8e29deb39503fe9,d21c1dae567563d5e9bd69de0eaa4822b5274fb9ccf5026b2c2b0adaaed5cf3b,Win32 EXE,"PE32 executable (GUI) Intel 80386, for MS Windows",04/06/2024 8:24,N/A,15/06/2024 5:01,15/06/2024 4:25,19/06/2024 19:52,27/01/2025 12:16,axplong.exe,d21c1dae567563d5e9bd69de0eaa4822b5274fb9ccf5026b2c2b0adaaed5cf3b.exe,ff5f770bef.exe,Malicious
75,1dd17349c061757e6d9da6e5096e5ba7ae48cb22,SHA1,N/A,N/A,N/A,N/A,N/A,N/A,N/A,N/A,N/A,N/A,N/A,N/A,null,null,null,N/A
76,1e09aac18f6374804e04c6ba11b5b96d766fca4c9cd3d7085c25c59489168fcb,SHA256,Jan-76,33a4228d1104fc82728918a55bc16f4f,c35f188416f580559e0230b271308dc8d1876585,1e09aac18f6374804e04c6ba11b5b96d766fca4c9cd3d7085c25c59489168fcb,Win32 EXE,"PE32 executable (GUI) Intel 80386, for MS Windows",12/06/2020 9:36,N/A,16/06/2024 4:01,16/06/2024 3:25,06/08/2024 15:09,07/11/2024 19:00,1e09aac18f6374804e04c6ba11b5b96d766fca4c9cd3d7085c25c59489168fcb.exe,1e09aac18f6374804e04c6ba11b5b96d766fca4c9cd3d7085c25c59489168fcb.exe.vir,33a4228d1104fc82728918a55bc16f4f.virus,Malicious
77,1e2ada5629b2c71fa215c6d85456e14a,MD5,60/76,1e2ada5629b2c71fa215c6d85456e14a,825f5359bd2b08d36c6262eb19b88119eaea483a,d9d31cd0e8d1fbc50a7f4ba656de2d577b00372c871054eec1215c110acbe801,Win32 EXE,"PE32 executable (GUI) Intel 80386 Mono/.Net assembly, for MS Windows",13/06/2024 13:32,N/A,N/A,13/06/2024 13:33,18/06/2024 19:14,23/01/2025 7:42,d9d31cd0e8d1fbc50a7f4ba656de2d577b00372c871054eec1215c110acbe801.exe,Notepad.exe,Server.exe,Malicious
78,1e75d30c8ce7cfc4bc719410167139676349c2c48c1836f96a260d5222a182b9,SHA256,42/76,6a8d5c05c4d0e851b141b2d670200a30,3c958fa7e35c053b7b0f91e3fb3642eefa6066e8,1e75d30c8ce7cfc4bc719410167139676349c2c48c1836f96a260d5222a182b9,ELF,"ELF 32-bit MSB executable, Motorola m68k, 68020, version 1 (SYSV), statically linked, stripped",N/A,N/A,16/06/2024 14:02,16/06/2024 13:00,17/06/2024 16:09,12/02/2025 8:31,1e75d30c8ce7cfc4bc719410167139676349c2c48c1836f96a260d5222a182b9.elf,bot.m68k,6a8d5c05c4d0e851b141b2d670200a30.virus,Malicious
79,1e78e781179b203275f674f4015f1512,MD5,62/76,1e78e781179b203275f674f4015f1512,3c6e2e00953cf99248967d70613e8e5ec9570723,f702ce107528b41bd2d6f725779f898d63a2dd1139cd5ae6da85d2eb6b51ca8e,Win32 EXE,"PE32 executable (GUI) Intel 80386 Mono/.Net assembly, for MS Windows",24/05/2024 20:18,N/A,31/05/2024 12:23,31/05/2024 8:44,17/06/2024 19:40,22/01/2025 15:23,bluefin.exe,f702ce107528b41bd2d6f725779f898d63a2dd1139cd5ae6da85d2eb6b51ca8e.exe,setup.exe,Malicious
80,1e83c1a2f6f2b7080c7fefccff1fde4bb14aa8a57e851817c92a6f1c946ca17a,SHA256,0/76,c7ca74a7f624e8f57f3d62d9b59cc0fb,5aa194c4983276423606944133080c0337ef0afe,1e83c1a2f6f2b7080c7fefccff1fde4bb14aa8a57e851817c92a6f1c946ca17a,Win32 DLL,"PE32 executable (DLL) (GUI) Intel 80386, for MS Windows",25/03/2010 3:17,N/A,01/07/2009 9:13,21/04/2010 11:09,10/02/2025 17:03,19/12/2024 5:23,Icon.692CD4CF.8D7E.4D47.B49E.F41E5A84F13A,wordicon.exe,Icon.0FE579C7.24AB.4A73.90A6.E48776F4FBFB,Benign
81,1e8551ccb510c3624a80471d6edb2e2e,MD5,40/76,1e8551ccb510c3624a80471d6edb2e2e,e9e495d79329640b19221bea543b2306ba797b9d,a575539b1d321f7608c041ce115828d7d3615f8011e0f879e39bd83b8ef2bd8c,ZIP,"Zip archive data, at least v1.0 to extract, compression method=store",N/A,N/A,N/A,14/06/2024 18:52,19/06/2024 0:18,27/12/2024 12:39,a575539b1d321f7608c041ce115828d7d3615f8011e0f879e39bd83b8ef2bd8c.zip,SETAP_9090__Pa$$W0rdS~!!.zip,null,Malicious
82,1e8e498b6cf998209b575f10705aae8214f91c8f,SHA1,N/A,N/A,N/A,N/A,N/A,N/A,N/A,N/A,N/A,N/A,N/A,N/A,null,null,null,N/A
83,1eabbf305acd85aff6df122a97414ae9,MD5,N/A,N/A,N/A,N/A,N/A,N/A,N/A,N/A,N/A,N/A,N/A,N/A,null,null,null,N/A
84,1ef089a4ad4881790be7d24aaa7d3777,MD5,N/A,N/A,N/A,N/A,N/A,N/A,N/A,N/A,N/A,N/A,N/A,N/A,null,null,null,N/A
85,1f2c1a04c19a1409ff5e5e34bf972d2b,MD5,N/A,N/A,N/A,N/A,N/A,N/A,N/A,N/A,N/A,N/A,N/A,N/A,null,null,null,N/A
86,1f6866a41a20ca68404917585794e081,MD5,43/76,1f6866a41a20ca68404917585794e081,e5be67b2f67baae6367f616ae55cd256dc7d6e8d,832fe81a4ccd85cc237685d8928c51c5cde53d74086700858c09a42c795a6cba,ELF,"ELF 32-bit LSB executable, Intel 80386, version 1 (SYSV), statically linked, stripped",N/A,N/A,16/06/2024 14:02,16/06/2024 12:35,17/06/2024 18:00,12/02/2025 14:01,832fe81a4ccd85cc237685d8928c51c5cde53d74086700858c09a42c795a6cba.elf,bot.x86,copy,Malicious
87,1f7002c62e393d341095fcff64984ff4940ef7c11b9009d2a533ea485f9084a6,SHA256,50/76,d697e832acf2748aad0b27427b66ca3d,198c6cb41651cddd7e09668d7ac6b42b1afe7635,1f7002c62e393d341095fcff64984ff4940ef7c11b9009d2a533ea485f9084a6,Win32 EXE,"PE32 executable (GUI) Intel 80386, for MS Windows",15/06/2024 19:06,N/A,15/06/2024 20:01,15/06/2024 19:26,20/06/2024 9:18,26/01/2025 0:49,1f7002c62e393d341095fcff64984ff4940ef7c11b9009d2a533ea485f9084a6.exe,1f7002c62e393d341095fcff64984ff4940ef7c11b9009d2a533ea485f9084a6.exe.vir,null,Malicious
88,1fd283f3e75a2d8500b6bcf9169f58cc16ad4e8e5e353dda30273126e37a7830,SHA256,57/75,475d2752177ec4fec829644c94cd48d6,6445055b86104275a58e7229f6fc773a3415b84b,1fd283f3e75a2d8500b6bcf9169f58cc16ad4e8e5e353dda30273126e37a7830,Win32 EXE,"PE32 executable (GUI) Intel 80386, for MS Windows, UPX compressed",16/06/2024 16:26,N/A,N/A,17/06/2024 2:06,01/07/2024 7:43,08/02/2025 15:01,1fd283f3e75a2d8500b6bcf9169f58cc16ad4e8e5e353dda30273126e37a7830.exe,W2147794847.exe,null,Malicious
89,1fe78298f8fa9d9da3fab32c57975101ea3ff5dcebeedc2cde5bea6c8df9a7ef,SHA256,0/76,de9f77a011bae239975c9172cf3b1478,330af97865052ba1fac8e615867a64c23d8547fe,1fe78298f8fa9d9da3fab32c57975101ea3ff5dcebeedc2cde5bea6c8df9a7ef,Win32 EXE,"PE32+ executable (GUI) x86-64, for MS Windows",14/10/2021 17:05,N/A,05/09/2017 1:00,11/05/2017 21:25,03/02/2025 20:53,26/11/2024 15:14,1fe78298f8fa9d9da3fab32c57975101ea3ff5dcebeedc2cde5bea6c8df9a7ef.exe,softglow,softglow.exe,Benign
90,1ffdb66e829387a9d10032af888e9639,MD5,57/76,1ffdb66e829387a9d10032af888e9639,06a5b4e196a197e5fce24fd07d374b5f0841ce2a,4931e5d3811a460f47678631f4bdc82c9c6e9176ae3940403e690bc82e3714a9,Win32 EXE,"PE32 executable (GUI) Intel 80386, for MS Windows",01/12/2020 18:00,N/A,N/A,12/06/2024 17:52,18/06/2024 16:52,24/01/2025 6:30,4931e5d3811a460f47678631f4bdc82c9c6e9176ae3940403e690bc82e3714a9.exe,4931e5d3811a460f47678631f4bdc82c9c6e9176ae3940403e690bc82e3714a9.bin,DCRatBuild.exe,Malicious
91,20601ed7e2bfc85362f090f0f5b72366f213c191e93b0c756acd98fef626e5e0,SHA256,0/75,8861d3d15ac3bc34973b44d1b79d44ca,603c47e067201e0b214bc2005e2f0738bf607f4e,20601ed7e2bfc85362f090f0f5b72366f213c191e93b0c756acd98fef626e5e0,Win32 EXE,"PE32+ executable (GUI) x86-64, for MS Windows",05/02/1971 23:54,N/A,26/06/2017 20:40,11/05/2017 21:21,26/11/2024 14:26,26/11/2024 14:26,file-pdf-load.exe,file-pdf-load,20601ed7e2bfc85362f090f0f5b72366f213c191e93b0c756acd98fef626e5e0.exe,Benign
92,20a80b9d290223a304c752287ea4ac7371f928c4455fcb29bf5224f1096f8530,SHA256,0/77,95372cb0f9885ae80c49c42c5be9a26b,e070f689fcd074b3b23305d2e5a8bb5a06ce8923,20a80b9d290223a304c752287ea4ac7371f928c4455fcb29bf5224f1096f8530,Win32 EXE,"PE32+ executable (console) x86-64 (stripped to external PDB), for MS Windows",31/08/1972 4:52,N/A,N/A,24/11/2016 6:07,28/10/2024 1:29,28/10/2024 1:29,20a80b9d290223a304c752287ea4ac7371f928c4455fcb29bf5224f1096f8530.exe,dbus-test-tool.exe,a62.exe,Benign
93,20b99b1cc9e6c381b9ee1e22768f6da4e5a5d248,SHA1,N/A,N/A,N/A,N/A,N/A,N/A,N/A,N/A,N/A,N/A,N/A,N/A,null,null,null,N/A
94,20ba93789eb7001ba9e4842bcc69fe62,MD5,57/76,20ba93789eb7001ba9e4842bcc69fe62,4f2de529f2094f978d35cfb040cbd6e7c6274f98,5d78dc803d29fba00eb080a58f1d85c33dbf50834886337083269ca1b5f1c1db,Win32 EXE,"PE32 executable (GUI) Intel 80386 Mono/.Net assembly, for MS Windows",04/05/2022 16:03,N/A,N/A,12/06/2024 14:07,20/06/2024 9:08,15/02/2025 16:01,libGLESv2.dll,5d78dc803d29fba00eb080a58f1d85c33dbf50834886337083269ca1b5f1c1db.exe,FileCoAuth.exe,Malicious
95,20d29a34b44fb9ea9a82e60a4b4118cf541eb86f04f69309ef6bf67c42f2272d,SHA256,0/76,0495d548830ee5537090febc75863e10,005971098f00dab49b7b4d61ac7a0f6d5d14f3ff,20d29a34b44fb9ea9a82e60a4b4118cf541eb86f04f69309ef6bf67c42f2272d,Win32 EXE,"PE32+ executable (GUI) x86-64, for MS Windows",16/04/1970 21:13,N/A,07/10/2017 13:49,11/05/2017 21:16,27/11/2024 5:55,27/11/2024 5:55,iwarp,iwarp.exe,20d29a34b44fb9ea9a82e60a4b4118cf541eb86f04f69309ef6bf67c42f2272d.exe,Benign
96,20d954fd6d1022359ebd8489a904ca11,MD5,Dec-76,20d954fd6d1022359ebd8489a904ca11,b6db9dcadb9c5269d06b604a7d57049b2e2015de,c33593a60cbaf3e566c62bef06fea8d9cdcb0d5ca3a156b8b027babc848de675,Win32 EXE,"PE32 executable (GUI) Intel 80386, for MS Windows",29/04/2014 18:27,N/A,N/A,14/06/2024 16:35,19/06/2024 1:14,03/01/2025 8:47,c33593a60cbaf3e566c62bef06fea8d9cdcb0d5ca3a156b8b027babc848de675.exe,virussign.com_20d954fd6d1022359ebd8489a904ca11.vir,c33593a60cbaf3e566c62bef06fea8d9cdcb0d5ca3a156b8b027babc848de675.exe.vir,Malicious
97,20da682ddbb5d3742dcee36b331d65ded9e97a90b38794659495777d8be7cb16,SHA256,61/76,c4daecacb9496a3f24d369ae86d2f565,4ecba6d5bee28d9028738ba8e4fddd36ba048e62,20da682ddbb5d3742dcee36b331d65ded9e97a90b38794659495777d8be7cb16,Win32 EXE,"PE32 executable (GUI) Intel 80386, for MS Windows",21/05/2024 9:27,N/A,17/06/2024 3:21,16/06/2024 23:39,20/06/2024 9:02,31/01/2025 5:02,20da682ddbb5d3742dcee36b331d65ded9e97a90b38794659495777d8be7cb16.exe,RageMP131.exe,mpgph131.exe,Malicious
98,21538e350a3cb8c8d5e88ddf4625865781a7fb3c,SHA1,N/A,N/A,N/A,N/A,N/A,N/A,N/A,N/A,N/A,N/A,N/A,N/A,null,null,null,N/A
99,2185ecde5380054ad075b7a25ae0ea51,MD5,55/76,2185ecde5380054ad075b7a25ae0ea51,caa1b832574fc3050af5f97b6deabc21398b5c47,e1a01751d2ea4682e211983eb7d6d1f01876a1199ba8eb9f04e3b8594f2ee199,Win32 EXE,"PE32 executable (GUI) Intel 80386, for MS Windows",26/02/2024 9:01,N/A,13/06/2024 21:29,13/06/2024 18:12,16/06/2024 14:13,23/01/2025 15:47,e1a01751d2ea4682e211983eb7d6d1f01876a1199ba8eb9f04e3b8594f2ee199.exe,2185ecde5380054ad075b7a25ae0ea51.virus,null,Malicious
100,21ac2c2e1213a31f6d4c80a3b4d8a8ac,MD5,27/75,21ac2c2e1213a31f6d4c80a3b4d8a8ac,2fb5a582d4964b142e1365c5e1adbf9f1e4a4fb6,5c10c7bf75b6ee03c9942db68b6bbdf1eeee1d7b3970bbcdcbcf1493c64f697e,DOS batch file,"DOS batch file, ASCII text, with CRLF line terminators",N/A,N/A,N/A,10/06/2024 6:47,08/02/2025 7:25,08/02/2025 4:03,HEUR.Trojan.BAT.Agent.gen-5c10c7bf75b6ee03c9942db68b6bbdf1eeee1d7b3970bbcdcbcf1493c64f697e,5c10c7bf75b6ee03c9942db68b6bbdf1eeee1d7b3970bbcdcbcf1493c64f697e.bat,5c10c7bf75b6ee03c9942db68b6bbdf1eeee1d7b3970bbcdcbcf1493c64f697e,Malicious
101,21b427d71be2fdfa820c0595fa034c22a8b9c8140bc24d8ba22fbc248d2801b1,SHA256,54/76,a1136c9a614b48a520a6db69a6b4c393,267ce3985ff4c86b3d8aa5007a2c2be48defeb43,21b427d71be2fdfa820c0595fa034c22a8b9c8140bc24d8ba22fbc248d2801b1,Win32 EXE,"PE32 executable (console) Intel 80386, for MS Windows",11/01/2018 8:54,N/A,11/01/2018 8:54,01/03/2018 16:05,31/10/2024 11:27,09/03/2025 5:02,KeyLogger.exe,21b427d71be2fdfa820c0595fa034c22a8b9c8140bc24d8ba22fbc248d2801b1.exe,output.220417813.txt,Malicious
102,21bda8ca38a0d8611eced89a7a014b2c,MD5,N/A,N/A,N/A,N/A,N/A,N/A,N/A,N/A,N/A,N/A,N/A,N/A,null,null,null,N/A
103,21e796161a49b6dcdabb5e86906d69eb34f61bcb43e9722e815b3c491be43840,SHA256,0/75,c6dd70ea92f1891724f9e30845304ad0,0744362b320753a2424fa8497e361b8739eb511e,21e796161a49b6dcdabb5e86906d69eb34f61bcb43e9722e815b3c491be43840,Win32 EXE,"PE32+ executable (GUI) x86-64, for MS Windows",N/A,N/A,07/10/2017 14:49,11/05/2017 21:24,27/11/2024 5:24,27/11/2024 5:24,sparkle,sparkle.exe,21e796161a49b6dcdabb5e86906d69eb34f61bcb43e9722e815b3c491be43840.exe,Benign
104,21ec8e579386f87d7640973dcaaf24bf,MD5,43/76,21ec8e579386f87d7640973dcaaf24bf,b9b0a25f1414da74ee9024cccca3fd20c35f410c,e124f61974fb41bc429b019e78e2c899c66601046269b9d8374020ce37026fb9,ELF,"ELF 32-bit LSB executable, ARM, version 1 (ARM), statically linked, stripped",N/A,N/A,16/06/2024 12:01,16/06/2024 10:53,17/06/2024 19:17,23/01/2025 3:44,e124f61974fb41bc429b019e78e2c899c66601046269b9d8374020ce37026fb9.elf,UnHAnaAW.arm,21ec8e579386f87d7640973dcaaf24bf.virus,Malicious
105,22182539865dd6545089a6abdeb754a7,MD5,27/76,22182539865dd6545089a6abdeb754a7,8aff307279a35744f51cce44b972f753b9a036ce,d4cbcd05461175abce638974aabf14437ab281d36943305ccde13512e9354a33,Win32 EXE,"PE32 executable (GUI) Intel 80386, for MS Windows",20/10/2022 3:29,N/A,N/A,15/06/2024 10:34,16/06/2024 14:00,10/03/2025 10:07,d4cbcd05461175abce638974aabf14437ab281d36943305ccde13512e9354a33.exe,d4cbcd05461175abce638974aabf14437ab281d36943305ccde13512e9354a33.exe.vir,SecuriteInfo.com.Win32.Evo-gen.4752.25405,Malicious
106,226c062632c3efca237814978b0443bdeb43fe5418ad508716f671f19f56c051,SHA256,0/76,89300d4498bdf4094c362c555f83b22a,752704aa72d7f7aa97c010e26d486c3749455c10,226c062632c3efca237814978b0443bdeb43fe5418ad508716f671f19f56c051,Win32 EXE,"PE32 executable (console) Intel 80386, for MS Windows",08/05/2017 22:43,N/A,08/05/2017 15:43,10/05/2017 18:53,26/11/2024 14:35,26/11/2024 14:35,226c062632c3efca237814978b0443bdeb43fe5418ad508716f671f19f56c051.exe,jpatch.exe,benign_959.exe,Benign
107,22a767295a645a037e31e07e522b17c3aeb4511a,SHA1,N/A,N/A,N/A,N/A,N/A,N/A,N/A,N/A,N/A,N/A,N/A,N/A,null,null,null,N/A
108,22d7f2a021f96dc5278ef14b08987f73,MD5,41/76,22d7f2a021f96dc5278ef14b08987f73,989f2e2665b3b80a1466d4f635f576b69a0c7f36,f684c1d7d38edb825e69e4974de3235927a99a17cbd1b483697d436fa4036709,ELF,"ELF 32-bit LSB executable, ARM, EABI4 version 1 (SYSV), dynamically linked, interpreter /lib/ld-uClibc.so.0, stripped",N/A,N/A,16/06/2024 12:02,16/06/2024 10:52,17/06/2024 19:35,31/01/2025 2:02,f684c1d7d38edb825e69e4974de3235927a99a17cbd1b483697d436fa4036709.elf,UnHAnaAW.arm5,22d7f2a021f96dc5278ef14b08987f73.virus,Malicious
109,22ddabf71254d873f6aef02b12e5c4923bbafe67a9c7e2f394fcf863813230be,SHA256,0/77,f37dd4ec75bc3bb11c9129ee18511291,9ab48f6d13c970c8d2d169a7c091ff222e323d1e,22ddabf71254d873f6aef02b12e5c4923bbafe67a9c7e2f394fcf863813230be,Win32 EXE,"PE32+ executable (GUI) x86-64, for MS Windows",07/09/2016 4:22,N/A,06/09/2016 21:22,13/09/2016 20:49,16/10/2024 8:01,16/10/2024 8:01,22ddabf71254d873f6aef02b12e5c4923bbafe67a9c7e2f394fcf863813230be.exe,upnpcont.dll,upnpcont.exe,Benign
110,2312612e0004201cc5231565d3ed57c7c3bb84ec439b120370fb5e27e3602e49,SHA256,0/75,f21b03fbaabdff3578d161d78010cdc5,4ed0ace450ba29b2ebd13354c1a94808b313f831,2312612e0004201cc5231565d3ed57c7c3bb84ec439b120370fb5e27e3602e49,Win32 EXE,"PE32 executable (console) Intel 80386, for MS Windows",01/01/2002 14:49,N/A,07/04/2010 19:42,23/01/2010 12:03,17/02/2025 4:02,06/01/2025 21:05,awk.exe,8nd5a.exe,175112390.exe,Benign
111,23386407de894b70cb13e825420b7add88856cef0a2481883b79068cc4276369,SHA256,0/76,1050bd261dd2aa26e160bf98bbba324f,c8e7ff89bb0c6e50e59a020032774d6a5ced8def,23386407de894b70cb13e825420b7add88856cef0a2481883b79068cc4276369,Win32 EXE,"PE32+ executable (console) x86-64 Mono/.Net assembly, for MS Windows",07/05/2015 4:51,N/A,06/05/2015 19:51,18/06/2015 6:58,27/11/2024 5:36,27/11/2024 5:36,msbuild.exe,MSBuild.exe,23386407de894b70cb13e825420b7add88856cef0a2481883b79068cc4276369.exe,Benign
112,2367031635d27b6dd8645d914beb88600b1183d5fe87a04e1766ebb230cbc588,SHA256,0/77,0b3d32befa6d3a66c6f66c36a1ef02b2,7223d2ee7171fd247092d5c20369ada63efbd9a5,2367031635d27b6dd8645d914beb88600b1183d5fe87a04e1766ebb230cbc588,Win32 EXE,"PE32 executable (console) Intel 80386, for MS Windows",14/08/2015 21:00,N/A,14/08/2015 13:01,28/08/2015 7:12,16/10/2024 8:18,16/10/2024 8:18,vmware-vdiskmanager.exe,2367031635d27b6dd8645d914beb88600b1183d5fe87a04e1766ebb230cbc588.exe,diskUtil,Benign
113,238a9de495ddb87555913ec5d1f67bcc22b5d754b21b7ae9da3158461547da00,SHA256,0/77,c89e7177f4d8bb39cfd4453c4407be41,3e6a53519cc7199b05fc1947e791e592c9d9f6d1,238a9de495ddb87555913ec5d1f67bcc22b5d754b21b7ae9da3158461547da00,Win32 EXE,"PE32+ executable (GUI) x86-64, for MS Windows",10/07/2015 3:17,N/A,09/07/2015 20:17,18/07/2015 2:42,16/10/2024 8:16,16/10/2024 8:16,238a9de495ddb87555913ec5d1f67bcc22b5d754b21b7ae9da3158461547da00.exe,eventvwr,eventvwr.exe,Benign
114,23a1767d4e77693bd46f3abfcf10e4d7,MD5,54/76,23a1767d4e77693bd46f3abfcf10e4d7,1be797ac1e5180f8bb51b359b7c8dc88daf2732e,d675f72b0bc010f74a28dfb3401dd69dbae5d21a55624a827fa70d1041367d13,Win32 EXE,"PE32 executable (GUI) Intel 80386, for MS Windows",01/12/2020 18:00,N/A,N/A,12/06/2024 19:26,18/06/2024 19:11,22/01/2025 16:16,d675f72b0bc010f74a28dfb3401dd69dbae5d21a55624a827fa70d1041367d13.exe,Medusa.exe,null,Malicious
115,23b2664570cd3bce8d583c3b145d284e0f9c8838,SHA1,N/A,N/A,N/A,N/A,N/A,N/A,N/A,N/A,N/A,N/A,N/A,N/A,null,null,null,N/A
116,23dab094c2fd668b46a91cf7062054df,MD5,43/76,23dab094c2fd668b46a91cf7062054df,a6d03ad8ea75d1d44e7c90e971d336e3ebb88c65,9250596f990b94264d818cde82c3e721fd6e33dfb06a7dd02b3951bef5391b68,Win32 DLL,"PE32+ executable (DLL) (console) x86-64, for MS Windows",13/06/2024 14:42,N/A,N/A,14/06/2024 12:40,20/01/2025 19:58,30/01/2025 19:24,1.2-Client.dll,9250596f990b94264d818cde82c3e721fd6e33dfb06a7dd02b3951bef5391b68.exe,9250596f990b94264d818cde82c3e721fd6e33dfb06a7dd02b3951bef5391b68.exe.vir,Malicious
117,23e307174ac5c0ecf419b1a727ad499e1d939a8d2142d1245b7a61e70242ec6e,SHA256,0/76,b15bd3a09fcb8e2992e50508ebd346e0,d806fcb4998959df002b36411f2060859424ef11,23e307174ac5c0ecf419b1a727ad499e1d939a8d2142d1245b7a61e70242ec6e,Win32 EXE,"PE32+ executable (GUI) x86-64, for MS Windows",16/09/1970 13:32,N/A,13/05/2017 18:20,11/05/2017 21:24,28/11/2024 6:16,28/11/2024 6:16,smooth-palette,smooth-palette.exe,23e307174ac5c0ecf419b1a727ad499e1d939a8d2142d1245b7a61e70242ec6e.exe,Benign
118,23e889a96c510564b792c25a56264339,MD5,53/76,23e889a96c510564b792c25a56264339,6ce5510afdb2f6f0b4ceade4526c76c8884bb344,53973a6e2608fd874d226dc0fee6b01640282f1d3a6f62000be3e2d5bab605a4,Win32 EXE,"PE32 executable (GUI) Intel 80386, for MS Windows, UPX compressed",15/06/2024 4:36,N/A,N/A,15/06/2024 5:04,16/06/2024 11:08,22/01/2025 16:19,53973a6e2608fd874d226dc0fee6b01640282f1d3a6f62000be3e2d5bab605a4.exe,QY3.exe,null,Malicious
119,23f843fce141b3c3b528b5fdf2cad3bd,MD5,N/A,N/A,N/A,N/A,N/A,N/A,N/A,N/A,N/A,N/A,N/A,N/A,null,null,null,N/A
120,23fe074ccd32bac701216b5f81d583ba,MD5,60/76,23fe074ccd32bac701216b5f81d583ba,6075305f1b9ab2e7d3b8e149172facf5ec73fb79,5654470b4d81928b27e0da33152476f9e47ccd8bd08a05a4e19dd44d075866d5,Win32 EXE,"PE32 executable (GUI) Intel 80386 Mono/.Net assembly, for MS Windows",31/05/2024 7:46,N/A,N/A,12/06/2024 8:31,17/06/2024 10:33,24/01/2025 7:03,5654470b4d81928b27e0da33152476f9e47ccd8bd08a05a4e19dd44d075866d5.exe,Nursultan.exe,Umbrella.flv.exe,Malicious
121,244100b644502f191dc82cc785e3a5f1,MD5,53/81,244100b644502f191dc82cc785e3a5f1,39db0d24155143bc9abe7e6712ceb3f217b81932,70bf432cf6602de7e78014fc5be5c79aea126095516cb7bab91af901f7c78063,Win32 DLL,"PE32 executable (DLL) (GUI) Intel 80386, for MS Windows",27/06/2012 0:12,N/A,N/A,26/05/2024 11:51,15/06/2024 16:16,23/02/2025 16:01,EXPSRV.DLL,70bf432cf6602de7e78014fc5be5c79aea126095516cb7bab91af901f7c78063.dll,null,Malicious
122,24419a5184f42710d9721c4a8ac3e4d429d5f731,SHA1,N/A,N/A,N/A,N/A,N/A,N/A,N/A,N/A,N/A,N/A,N/A,N/A,null,null,null,N/A
123,2496c9a90fd7e90d39a9cea02b27e91a3ecf09a39a6f0887463b4addf29496b1,SHA256,0/76,364b460be1df54629328c5f94e700f2f,70dbc51f3401a8aa0c06a3db4e5b81afc8177b38,2496c9a90fd7e90d39a9cea02b27e91a3ecf09a39a6f0887463b4addf29496b1,MS Word Document,"Composite Document File V2 Document, Little Endian, Os: Windows, Version 6.1, Code page: 1252, Title: Hazard Communication Program, Author: harryd, Template: Normal, Last Saved By: Vosburgh, Linda - OSHA, Revision Number: 2, Name of Creating Application: Microsoft Office Word, Total Editing Time: 02:00, Last Printed: Mon Aug  8 20:08:00 2005, Create Time/Date: Wed May  9 16:13:00 2012, Last Saved Time/Date: Wed May  9 16:13:00 2012, Number of Pages: 6, Number of Words: 1322, Number of Characters: 7537, Security: 0",09/05/2012 16:13,N/A,N/A,26/05/2015 15:52,26/11/2024 14:23,26/11/2024 14:23,2496c9a90fd7e90d39a9cea02b27e91a3ecf09a39a6f0887463b4addf29496b1.ole,sample_hazcomprogram.doc,null,Benign
124,24981658666a4f40f07f37bfb48d1372,MD5,64/76,24981658666a4f40f07f37bfb48d1372,b740cf3e57f6af17eaba6ba2459cb5cd734e7e48,7b84f0641444a8e39e14f6a9f3f9363ee142acbe6fcb6dcd046d0ae2c463cf77,Win32 EXE,"PE32 executable (GUI) Intel 80386, for MS Windows",06/07/2017 15:45,N/A,14/06/2024 20:52,11/06/2024 9:07,15/06/2024 16:19,23/01/2025 8:55,7b84f0641444a8e39e14f6a9f3f9363ee142acbe6fcb6dcd046d0ae2c463cf77.exe,4.exe,Systemmoe.exe,Malicious
125,24a0c33316360a8c9c2dee2a8b6786ac,MD5,42/76,24a0c33316360a8c9c2dee2a8b6786ac,ff83ef0f4d096b40de7722797f7b215449edd9bb,fe87477d6c1b71ba3de4d7c46b4015143ae94fb23a68f1ba34498ac11c14df23,ELF,"ELF 32-bit LSB executable, ARM, version 1 (ARM), statically linked, stripped",N/A,N/A,16/06/2024 11:01,16/06/2024 8:42,17/06/2024 19:47,27/12/2024 12:24,fe87477d6c1b71ba3de4d7c46b4015143ae94fb23a68f1ba34498ac11c14df23.elf,bot.arm,zbetcheckin_tracker_bot.arm,Malicious
126,24a4e95f31c3c3531d50139def962795,MD5,56/76,24a4e95f31c3c3531d50139def962795,9b502f091868a801a9bc0eb388663f7483a68c23,e96b455245e3e29c30bcbaf2836654435beca58d7e0e740fef3d5449caa6cfca,Win32 EXE,"PE32 executable (GUI) Intel 80386 Mono/.Net assembly, for MS Windows",17/04/2075 11:30,N/A,20/05/2024 0:00,18/05/2024 8:13,10/03/2025 14:24,23/01/2025 8:56,Xwemz.file,Xwemz.exe,Cekymp.exe,Malicious
127,24a91f8a98c24908d9d5292f0be7831e6b3cc0c955cbce9d3083032a6f9c6247,SHA256,58/77,00bacdabe2989f584a994c4ea349d8db,922d88d76610834da87565d7b8754007a57fb143,24a91f8a98c24908d9d5292f0be7831e6b3cc0c955cbce9d3083032a6f9c6247,Win32 EXE,"PE32 executable (GUI) Intel 80386, for MS Windows, UPX compressed",16/06/2024 16:28,N/A,N/A,17/06/2024 2:09,18/06/2024 15:49,11/03/2025 18:01,24a91f8a98c24908d9d5292f0be7831e6b3cc0c955cbce9d3083032a6f9c6247.exe,W1403970622.exe,null,Malicious
128,25082e3522b8fc4ae2bfc403225c83f0656e9251,SHA1,N/A,N/A,N/A,N/A,N/A,N/A,N/A,N/A,N/A,N/A,N/A,N/A,null,null,null,N/A
129,250c1c9866c65e98c96a257739c21d90,MD5,N/A,N/A,N/A,N/A,N/A,N/A,N/A,N/A,N/A,N/A,N/A,N/A,null,null,null,N/A
130,2513eb274a9507ee598af02dd9338ec08da908971a19f470d704cc3cc6234daa,SHA256,0/77,5840c03503bc6a1c6137ec15fda5133d,bb47570515cdb642a6c23026d0f89875db489890,2513eb274a9507ee598af02dd9338ec08da908971a19f470d704cc3cc6234daa,Win32 EXE,"PE32+ executable (console) x86-64, for MS Windows",10/07/2015 3:18,N/A,09/07/2015 20:18,16/07/2015 16:06,16/10/2024 8:14,16/10/2024 8:14,2513eb274a9507ee598af02dd9338ec08da908971a19f470d704cc3cc6234daa.exe,auditpol,AUDITPOL.EXE,Benign
131,2582debad247a1586a34c060a5fad4bc,MD5,Apr-79,2582debad247a1586a34c060a5fad4bc,d87216f84e29f9f679f06cca8cb7c483e958f090,80a6c864b32e7f7b497629806ace23b4eb1f71419de8064e99dc6299299dbc88,Win32 EXE,"PE32 executable (GUI) Intel 80386, for MS Windows",02/10/2015 15:39,N/A,N/A,06/12/2021 9:59,24/06/2024 20:13,06/08/2024 9:17,SecuriteInfo.com.Trojan.Inject4.6518.11342.12014.exe,80a6c864b32e7f7b497629806ace23b4eb1f71419de8064e99dc6299299dbc88.bin,80a6c864b32e7f7b497629806ace23b4eb1f71419de8064e99dc6299299dbc88.exe,Malicious
132,258aaed0820a97f193d6d158508f53ec,MD5,61/76,258aaed0820a97f193d6d158508f53ec,20e5c16f489f16fea22aee08319a89d239320a99,e3dc38ad4bb6f9e5109ff01bb417fef1e9ba7e3f269d3528ae19fc868809c123,Win32 EXE,"PE32 executable (GUI) Intel 80386 Mono/.Net assembly, for MS Windows",05/05/2064 10:29,N/A,N/A,17/06/2024 6:12,18/06/2024 23:09,24/01/2025 7:15,vnFo.exe,e3dc3.exe,vaImGxSxpuzzB.exe,Malicious
133,25975c1618ea62819ee7654a1ed64ef80fe466f69a8568facec235a2f462a35f,SHA256,0/76,3a93cfe88e4604efd41ba91e350371cc,cdecd4e46921af65ba924d0c4d3de5bb9128cb9d,25975c1618ea62819ee7654a1ed64ef80fe466f69a8568facec235a2f462a35f,Win32 EXE,"PE32 executable (GUI) Intel 80386, for MS Windows",02/03/2010 16:52,N/A,01/03/2010 23:21,21/04/2010 3:26,19/12/2024 4:40,10/03/2025 10:33,NameControlServer,NameControlServer.Exe,NAMECONTROLSERVER.EXE,Benign
134,25a3671821a8b006781c59ff2df041cb,MD5,N/A,N/A,N/A,N/A,N/A,N/A,N/A,N/A,N/A,N/A,N/A,N/A,null,null,null,N/A
135,25b65f3258d285bbab25ba7dc43ef7456701c287,SHA1,N/A,N/A,N/A,N/A,N/A,N/A,N/A,N/A,N/A,N/A,N/A,N/A,null,null,null,N/A
136,25c4fd83b97f61e85ff215223f0a506f,MD5,N/A,N/A,N/A,N/A,N/A,N/A,N/A,N/A,N/A,N/A,N/A,N/A,null,null,null,N/A
137,25ff393364d7f3af2fb2ef3b7d0f650c,MD5,N/A,N/A,N/A,N/A,N/A,N/A,N/A,N/A,N/A,N/A,N/A,N/A,null,null,null,N/A
138,2601d9c89eef03f1c806e241a290a3ad5e7501f2,SHA1,N/A,N/A,N/A,N/A,N/A,N/A,N/A,N/A,N/A,N/A,N/A,N/A,null,null,null,N/A
139,26095cd531cc7ee2a9fe36c64be7ba8df3f912e881f085c32bd485d34c960eaf,SHA256,0/76,4461e889c03b04eead974b50e0d7a33d,216e465a4f3839a68e4a2ffb5387df50f4402a37,26095cd531cc7ee2a9fe36c64be7ba8df3f912e881f085c32bd485d34c960eaf,MS Word Document,"Composite Document File V2 Document, Little Endian, Os: Windows, Version 5.1, Code page: 1252, Title: Sample Prompting Questions/Topics for Circles, Author: SFUSD, Template: Normal, Last Saved By: berkowitzk, Revision Number: 8, Name of Creating Application: Microsoft Office Word, Total Editing Time: 56:00, Last Printed: Fri Jun 25 23:39:00 2010, Create Time/Date: Fri Jun 25 22:48:00 2010, Last Saved Time/Date: Mon Oct  3 17:42:00 2011, Number of Pages: 1, Number of Words: 628, Number of Characters: 3585, Security: 0",25/06/2010 22:48,N/A,N/A,04/08/2017 22:55,28/11/2024 6:54,28/11/2024 6:54,26095cd531cc7ee2a9fe36c64be7ba8df3f912e881f085c32bd485d34c960eaf.ole,Sample%20Prompting%20Circles%20Questions.doc,26095cd531cc7ee2a9fe36c64be7ba8df3f912e881f085c32bd485d34c960eaf.file,Benign
140,265833c3e4795cf44e538a4a47bb8bfe,MD5,N/A,N/A,N/A,N/A,N/A,N/A,N/A,N/A,N/A,N/A,N/A,N/A,null,null,null,N/A
141,270f6e7751d9866ca0334ce84e955f2789cd7a07c2a765e90539016b071fd950,SHA256,0/77,a82d5689e4cb70641b2ffab78fcabd9a,fd28086c4f321fe8aa57c7bb6bb7fef8b31b52ad,270f6e7751d9866ca0334ce84e955f2789cd7a07c2a765e90539016b071fd950,Win32 EXE,"PE32+ executable (console) x86-64, for MS Windows",06/07/2017 20:40,N/A,06/07/2017 13:40,11/07/2017 23:38,28/10/2024 1:40,28/10/2024 1:40,270f6e7751d9866ca0334ce84e955f2789cd7a07c2a765e90539016b071fd950.exe,b119.exe,dmxconvert.exe,Benign
142,27442c2dbdef8c0cb2ff118773a0c1d90ce619139c0d4bdb20e799f6ec421853,SHA256,0/77,f49a27ee956ebb01c84b7b593e25d178,e32b17b517a8c2889b3d0e9a8ac3275d161dfa99,27442c2dbdef8c0cb2ff118773a0c1d90ce619139c0d4bdb20e799f6ec421853,Win32 EXE,"PE32 executable (GUI) Intel 80386 Mono/.Net assembly, for MS Windows",11/02/2012 3:20,N/A,10/02/2012 20:20,04/05/2012 19:00,28/10/2024 1:39,28/10/2024 1:39,27442c2dbdef8c0cb2ff118773a0c1d90ce619139c0d4bdb20e799f6ec421853.exe,rsconfigtool.exe,558652017.exe,Benign
143,2751906aa476a26242732704e0d88d15,MD5,N/A,N/A,N/A,N/A,N/A,N/A,N/A,N/A,N/A,N/A,N/A,N/A,null,null,null,N/A
144,275b56b3846b2af4d97917aba759e800804d5600,SHA1,N/A,N/A,N/A,N/A,N/A,N/A,N/A,N/A,N/A,N/A,N/A,N/A,null,null,null,N/A
145,275d16ebd070c8ad1c4e3717bafe1e76,MD5,58/75,275d16ebd070c8ad1c4e3717bafe1e76,a8fb0f14d58417389a910520d8d6fc102d05cda7,4b4c5aed86e3530fe1a847c367cd0ed5ec050b7d6ff95d09838bea52c9df470a,Win32 EXE,"PE32 executable (GUI) Intel 80386, for MS Windows",15/06/2024 19:47,N/A,N/A,16/06/2024 10:39,18/06/2024 19:11,27/01/2025 9:46,4b4c5.exe,4b4c5aed86e3530fe1a847c367cd0ed5ec050b7d6ff95d09838bea52c9df470a.exe,hr.exe,Malicious
146,2766770ee5b298087fde39325733e61c5c7c0364,SHA1,N/A,N/A,N/A,N/A,N/A,N/A,N/A,N/A,N/A,N/A,N/A,N/A,null,null,null,N/A
147,27688724aad8b448a3f95c887fceab8c886998e2,SHA1,N/A,N/A,N/A,N/A,N/A,N/A,N/A,N/A,N/A,N/A,N/A,N/A,null,null,null,N/A
148,277fc69cf1ecc711fa700de947f48068219f33a7,SHA1,N/A,N/A,N/A,N/A,N/A,N/A,N/A,N/A,N/A,N/A,N/A,N/A,null,null,null,N/A
149,27885066b9d7585aca9f29ca22bb448b,MD5,N/A,N/A,N/A,N/A,N/A,N/A,N/A,N/A,N/A,N/A,N/A,N/A,null,null,null,N/A
150,2794cb54d53a5774f85afa98a1020ff7,MD5,N/A,N/A,N/A,N/A,N/A,N/A,N/A,N/A,N/A,N/A,N/A,N/A,null,null,null,N/A
151,27c90f73856871b0e814d81b49317b7d,MD5,Oct-76,27c90f73856871b0e814d81b49317b7d,712e1a9f19429e362c2308f188634e1c8c3eb9fa,af6cd42b71b9361f67d844edeb08be0466e3d2e5a3ceba3274b64c17fc5a5893,Win32 EXE,"PE32 executable (GUI) Intel 80386, for MS Windows",22/03/2024 11:44,N/A,N/A,15/06/2024 11:28,15/11/2024 18:43,30/01/2025 18:57,af6cd42b71b9361f67d844edeb08be0466e3d2e5a3ceba3274b64c17fc5a5893.exe,SecuriteInfo.com.Trojan.Win32.7425.2408,null,Malicious
152,27cc509e3ce0e2f857f5a0c054384129,MD5,N/A,N/A,N/A,N/A,N/A,N/A,N/A,N/A,N/A,N/A,N/A,N/A,null,null,null,N/A
153,27d133a8db57514821b08fbb3aad34677c7f195b01e181d2202095c40c9a56fe,SHA256,47/76,79a6b9be8d80fc21801d5e4c8472121d,22b914188defb510d01b4a1404f0c1cbc58af6e3,27d133a8db57514821b08fbb3aad34677c7f195b01e181d2202095c40c9a56fe,ELF,"ELF 32-bit LSB executable, ARM, EABI4 version 1 (SYSV), statically linked, with debug_info, not stripped",N/A,N/A,16/06/2024 12:01,16/06/2024 10:53,17/06/2024 16:17,17/02/2025 3:05,27d133a8db57514821b08fbb3aad34677c7f195b01e181d2202095c40c9a56fe.elf,UnHAnaAW.arm6,79a6b9be8d80fc21801d5e4c8472121d.virus,Malicious
154,27ee0221771b3adbf03377147d9e0d9c,MD5,61/81,27ee0221771b3adbf03377147d9e0d9c,12844a806a7fea8ecd56e1fa2cca05d136d2dd7e,2ff74fcd1612681df0dfde60f997141935a1f802bbff47be49f1fcf99b3b3982,Win32 EXE,"PE32 executable (GUI) Intel 80386 Mono/.Net assembly, for MS Windows",14/06/2024 11:57,N/A,14/06/2024 18:23,14/06/2024 14:06,17/06/2024 13:36,22/02/2025 5:01,Aaitdenqn.exe,Transferir copia________________pdf.exe,documentos de envío___________xlsm.exe,Malicious
155,27f0b97b8cd190d8d959adb1c94440a7b230f0f7,SHA1,N/A,N/A,N/A,N/A,N/A,N/A,N/A,N/A,N/A,N/A,N/A,N/A,null,null,null,N/A
156,2813742e6b79b049afe1b6b73a7fbeab,MD5,26/76,2813742e6b79b049afe1b6b73a7fbeab,9131baf5edfc4b9f29673e2706b00e135dd2919a,b50e458010866297cf5d3c66a5df333256c9ca6fad5482d5cacbda63ff08ba3c,JAR,"Zip archive data, at least v2.0 to extract, compression method=deflate",N/A,N/A,N/A,10/06/2024 6:47,18/06/2024 9:26,02/01/2025 12:19,b50e458010866297cf5d3c66a5df333256c9ca6fad5482d5cacbda63ff08ba3c.jar,adobe.ja,b50e458010866297cf5d3c66a5df333256c9ca6fad5482d5cacbda63ff08ba3c,Malicious
157,282f6f7fb0c5b0de73b72301646791901ae28c8c69cc25cf47b2ff773cb5dc20,SHA256,0/76,9d6894d60bfb9fc93259a78f53d5a226,1bc5a249ce32ee0dc2f5ef9eeb382beb5e818ceb,282f6f7fb0c5b0de73b72301646791901ae28c8c69cc25cf47b2ff773cb5dc20,Win32 EXE,"PE32+ executable (console) x86-64, for MS Windows",16/01/2017 17:48,N/A,16/01/2017 10:48,19/01/2017 14:29,26/11/2024 14:43,26/11/2024 14:43,282f6f7fb0c5b0de73b72301646791901ae28c8c69cc25cf47b2ff773cb5dc20.exe,b464.exe,qmlprofiler.exe,Benign
158,284afe4531821e9b523ca8f8c8765096,MD5,57/76,284afe4531821e9b523ca8f8c8765096,e580a0953d6e9bfa7731ad699d42e702aa6dbe63,c58049ff195a22aae0ea2347da63b2a135fe1e5295d427e2edf7cbc611715242,Win32 EXE,"PE32 executable (GUI) Intel 80386, for MS Windows",19/10/2023 10:17,N/A,15/06/2024 18:02,15/06/2024 17:41,20/06/2024 9:13,13/02/2025 12:01,c58049ff195a22aae0ea2347da63b2a135fe1e5295d427e2edf7cbc611715242.exe,null,null,Malicious
159,28a25442ba3d3d0ec33020c6caa82aaa,MD5,N/A,N/A,N/A,N/A,N/A,N/A,N/A,N/A,N/A,N/A,N/A,N/A,null,null,null,N/A
160,28cf97f72cdba738fe94806e047be6ed4b261c1ef1eceec6f4f30a511d914aa7,SHA256,59/77,99847fa8352b1477dbf752ee33ecea14,23a857a56d8cad76a3be365e144f179cfc6088ed,28cf97f72cdba738fe94806e047be6ed4b261c1ef1eceec6f4f30a511d914aa7,Win32 EXE,"PE32 executable (GUI) Intel 80386 Mono/.Net assembly, for MS Windows",22/06/2051 16:01,N/A,17/06/2024 8:27,17/06/2024 7:40,20/06/2024 9:31,10/10/2024 2:32,pFJo.exe,28cf97f72cdba738fe94806e047be6ed4b261c1ef1eceec6f4f30a511d914aa7.exe,GXSAG2404911757.exe,Malicious
161,28fc9d49a727dfc409fc95666050bcd0a25d0981,SHA1,0/76,e1700ffdeeb4a16d3a9feeecae3f030a,28fc9d49a727dfc409fc95666050bcd0a25d0981,1dc2bc038f3eaf817c714798c04160401d297427ae0518ebd103ae50317e0bc1,ZIP,"Zip archive data, at least v2.0 to extract, compression method=store",N/A,N/A,N/A,11/10/2018 13:52,19/02/2025 8:15,13/02/2025 5:02,Win32.ShadowTech.zip,null,null,Benign
162,2937a18158bc8c673dd0e5ada8762369950e701c,SHA1,N/A,N/A,N/A,N/A,N/A,N/A,N/A,N/A,N/A,N/A,N/A,N/A,null,null,null,N/A
163,2950515f0e97325ef272eb5bc06ec168,MD5,N/A,N/A,N/A,N/A,N/A,N/A,N/A,N/A,N/A,N/A,N/A,N/A,null,null,null,N/A
164,2986da51992ac60a5bc3adf5311a6ef9,MD5,41/76,2986da51992ac60a5bc3adf5311a6ef9,5da24985141820c7dd0cdd25e359176c37577f52,83bbc1a455c7f36e56e703447fabea46228304ca9ea110a857e4a0f06c0fab69,ELF,"ELF 32-bit MSB executable, MIPS, MIPS-I version 1 (SYSV), statically linked, stripped",N/A,N/A,16/06/2024 11:01,16/06/2024 8:39,17/06/2024 18:01,16/02/2025 19:04,83bbc1a455c7f36e56e703447fabea46228304ca9ea110a857e4a0f06c0fab69.elf,bot.mips,zbetcheckin_tracker_bot.mips,Malicious
165,2999b0709f50ed5026039496142254af172990a50e2a6e1d327b7cb94b072f7c,SHA256,0/76,19611ed77cbac092503767eef94fbc50,ef7b82aa7fd3ca35a5c478a0624bb7a2d03e43f1,2999b0709f50ed5026039496142254af172990a50e2a6e1d327b7cb94b072f7c,Win32 EXE,"PE32 executable (console) Intel 80386 (stripped to external PDB), for MS Windows",02/01/1970 10:21,N/A,11/06/2020 13:11,08/02/2015 15:48,26/11/2024 14:50,26/11/2024 14:50,grep.exe,2999b0709f50ed5026039496142254af172990a50e2a6e1d327b7cb94b072f7c.exe,aa,Benign
166,29b946238beb2a8c557a8a883b6666f3fe7314254fe61e067037d650fad88a3d,SHA256,0/75,6f396d2ee7fce875bc421cef7599a96c,0effcb4a9ba3d14cab5e909668e99d9d45a1ba77,29b946238beb2a8c557a8a883b6666f3fe7314254fe61e067037d650fad88a3d,Win32 EXE,"PE32 executable (console) Intel 80386 Mono/.Net assembly, for MS Windows",31/05/2016 22:45,N/A,31/05/2016 14:45,10/06/2016 11:19,26/11/2024 14:52,26/11/2024 14:52,TFSFieldMapping.exe,29b946238beb2a8c557a8a883b6666f3fe7314254fe61e067037d650fad88a3d.exe,108006453.exe,Benign
167,2a0b637d456f574fe026f530496918f7735999c587205295daf3084344c00b3e,SHA256,32/76,7167fc3c95909fe33a421c9cfe6770e2,4762c67e649e17f0c46e15408f3c1897bc1c54f8,2a0b637d456f574fe026f530496918f7735999c587205295daf3084344c00b3e,Win32 EXE,"PE32 executable (GUI) Intel 80386, for MS Windows",22/05/2023 9:21,N/A,15/06/2024 20:01,15/06/2024 19:25,20/06/2024 9:06,30/01/2025 19:05,2a0b637d456f574fe026f530496918f7735999c587205295daf3084344c00b3e.exe,2a0b637d456f574fe026f530496918f7735999c587205295daf3084344c00b3e.exe.vir,7167fc3c95909fe33a421c9cfe6770e2.virus,Malicious
168,2a1c7574a5c42eb8c9348d9dba505ce49f2c88231d7ea6edd3715a39a5decd94,SHA256,0/75,ea2c8449cec39c95b56334004f144902,031ab766b8497fd952bcf3600488e21782805068,2a1c7574a5c42eb8c9348d9dba505ce49f2c88231d7ea6edd3715a39a5decd94,Win32 EXE,"PE32+ executable (GUI) x86-64, for MS Windows",02/02/1971 8:42,N/A,18/07/2017 13:02,11/05/2017 21:25,26/11/2024 14:17,26/11/2024 14:17,file-gif-save,file-gif-save.exe,2a1c7574a5c42eb8c9348d9dba505ce49f2c88231d7ea6edd3715a39a5decd94.exe,Benign
169,2a25c97362ac89f22ba170bb75412141,MD5,54/81,2a25c97362ac89f22ba170bb75412141,7c7caaa9ef2c16e5c0b59d106d77c5e85152f181,c7b01a030854928fd57738ee8eeda2ca1b5572fdeceae1a1980db281f2cd220c,ZIP,"Zip archive data, at least v1.0 to extract, compression method=store",N/A,N/A,14/06/2024 21:20,14/06/2024 19:05,19/06/2024 3:17,22/02/2025 12:25,c7b01a030854928fd57738ee8eeda2ca1b5572fdeceae1a1980db281f2cd220c.zip,LInjector.zip,null,Malicious
170,2a27295081e9c2b7e02815fd6fc556ec,MD5,59/76,2a27295081e9c2b7e02815fd6fc556ec,6e5eea454ec5e628f38dff07e4ce0afcdf0d2d09,e7a51ba6d041799ace8911987f7fd9b77d9ef583305eb23038d4a7f20a1b2beb,Win32 EXE,"PE32+ executable (GUI) x86-64 Mono/.Net assembly, for MS Windows",08/06/2024 19:06,N/A,N/A,09/06/2024 13:40,17/06/2024 13:45,27/01/2025 10:08,Loader.exe,e7a51ba6d041799ace8911987f7fd9b77d9ef583305eb23038d4a7f20a1b2beb.exe,null,Malicious
171,2aabc934fe0d44a3e078563f52141ceccf915375,SHA1,N/A,N/A,N/A,N/A,N/A,N/A,N/A,N/A,N/A,N/A,N/A,N/A,null,null,null,N/A
172,2ab805e93734d734d1ef93e05758dfb3,MD5,N/A,N/A,N/A,N/A,N/A,N/A,N/A,N/A,N/A,N/A,N/A,N/A,null,null,null,N/A
173,2ad9239f04fedfb1d9f05f6e2e735294,MD5,26/76,2ad9239f04fedfb1d9f05f6e2e735294,66870d86f2b832b31914a174e40b6d0c35e9114f,61df3551e45eda4ea29a32b275c727ec62b037fef244b22805d6cc0836c5e2ff,ZIP,"Zip archive data, at least v2.0 to extract, compression method=deflate",N/A,N/A,N/A,10/06/2024 6:30,19/11/2024 16:21,15/02/2025 3:10,61df3551e45eda4ea29a32b275c727ec62b037fef244b22805d6cc0836c5e2ff.zip,Ticket Habibbank.R08,Ticket Unionbankofindia.R08,Malicious
174,2aeb86c81342fab0fd0ace9f9baac700,MD5,N/A,N/A,N/A,N/A,N/A,N/A,N/A,N/A,N/A,N/A,N/A,N/A,null,null,null,N/A
175,2aec68c3818dc471865d8ca5f88d783943c1efff0f66360736a09026565035b4,SHA256,59/76,5780e00e9cc633815e46f76ccb662cbe,da2e35e0e5ee30efbb51e95afa2be326e0211b18,2aec68c3818dc471865d8ca5f88d783943c1efff0f66360736a09026565035b4,Win32 EXE,"PE32+ executable (GUI) x86-64 Mono/.Net assembly, for MS Windows",24/08/2065 17:13,N/A,17/06/2024 8:34,17/06/2024 6:33,18/06/2024 15:55,10/03/2025 6:20,Oyijajide,Udeyivumizeqeveqi,RFQ00978-Abu Dhabi Hardware.exe,Malicious
176,2b672dd0e086dd4196087712ba0e34af205f518231545646c81d01411fe9bda8,SHA256,0/76,f5d4eedf8134317849d7dd41980a824a,c75b39f74afd359634b03a56bf93b205f6f932cd,2b672dd0e086dd4196087712ba0e34af205f518231545646c81d01411fe9bda8,Win32 EXE,"PE32+ executable (GUI) x86-64, for MS Windows",18/10/1970 1:30,N/A,18/02/2018 19:53,11/05/2017 21:26,26/11/2024 14:21,26/11/2024 14:21,fractal-explorer,fractal-explorer.exe,2b672dd0e086dd4196087712ba0e34af205f518231545646c81d01411fe9bda8.exe,Benign
177,2b70c56855937a6f0ff82113f8d934641ad9e829b976a4435c805f42b349bdd0,SHA256,0/76,b03f718ebad705d18b92b073a34107cc,936a4c9f108c618c6552c08faa83169e719ba208,2b70c56855937a6f0ff82113f8d934641ad9e829b976a4435c805f42b349bdd0,Win32 EXE,"PE32+ executable (GUI) x86-64, for MS Windows",22/02/1971 21:54,N/A,30/06/2017 13:48,11/05/2017 21:23,03/02/2025 20:53,26/11/2024 14:54,2b70c56855937a6f0ff82113f8d934641ad9e829b976a4435c805f42b349bdd0_1.exe,jigsaw,jigsaw.exe,Benign
178,2b8ee13b561236de9efca25082b20ac4,MD5,N/A,N/A,N/A,N/A,N/A,N/A,N/A,N/A,N/A,N/A,N/A,N/A,null,null,null,N/A
179,2bae1dfc9ee36f09eade2b0ea82c068e,MD5,N/A,N/A,N/A,N/A,N/A,N/A,N/A,N/A,N/A,N/A,N/A,N/A,null,null,null,N/A
180,2bfba677e30deb51bd30fe3241d7945f,MD5,N/A,N/A,N/A,N/A,N/A,N/A,N/A,N/A,N/A,N/A,N/A,N/A,null,null,null,N/A
181,2c0f6aa1373277e5b4fb9ca5aeaaaddc588cdd95,SHA1,Jan-77,f99fcdb482586e4c4668457bf97e5420,2c0f6aa1373277e5b4fb9ca5aeaaaddc588cdd95,0e8f745e0b31696e0a3dfedd66a0cd4ba9a29e3d4d3717bf64f83a9a6a8b5536,ZIP,"Zip archive data, at least v1.0 to extract, compression method=store",N/A,N/A,N/A,25/03/2015 16:58,04/12/2024 20:26,15/11/2024 2:26,ExploitKit.Sakura.zip,VirusShare_f99fcdb482586e4c4668457bf97e5420,aa,Malicious
182,2c1049909ea2288527d4ed08001c8056f4bf9c38336a6a2955c33e8de95e9973,SHA256,Jan-76,638eaeacbf19ac53cb63b2ddff2520f3,95e0ab978348135e9d1c36cec41671ac76fb67a6,2c1049909ea2288527d4ed08001c8056f4bf9c38336a6a2955c33e8de95e9973,Win32 EXE,"PE32 executable (console) Intel 80386 (stripped to external PDB), for MS Windows",02/01/1970 13:50,N/A,11/06/2020 13:11,08/02/2015 15:48,26/11/2024 15:06,26/11/2024 15:06,install.exe,2c1049909ea2288527d4ed08001c8056f4bf9c38336a6a2955c33e8de95e9973.exe,b272.exe,Malicious
183,2c8b6b0497ac12ab7641342e07eca16b661b31e81444798799d4b186306a9a77,SHA256,0/81,c7ca09eb3159da279e2c17b388c84ff1,be56d3ecaa18d2838ed9780861519325b2ebf530,2c8b6b0497ac12ab7641342e07eca16b661b31e81444798799d4b186306a9a77,Win32 EXE,"PE32 executable (GUI) Intel 80386, for MS Windows",04/06/2016 14:38,N/A,06/11/2015 19:32,04/11/2016 9:55,26/11/2024 14:19,24/02/2025 5:29,w32.exe,AWSCLI32PY3_RUNTIME_LIB_SITE_PACKAGES_PIP__VENDOR_DISTLIB_W32.EXE,AWSCLI64PY3_RUNTIME_LIB_SITE_PACKAGES_PIP__VENDOR_DISTLIB_W32.EXE,Benign
184,2c92d67d8b4758bb97be9d921b6efab5,MD5,N/A,N/A,N/A,N/A,N/A,N/A,N/A,N/A,N/A,N/A,N/A,N/A,null,null,null,N/A
185,2c931e98bc34d1fdbe0c3003fac2d3ad,MD5,N/A,N/A,N/A,N/A,N/A,N/A,N/A,N/A,N/A,N/A,N/A,N/A,null,null,null,N/A
186,2ca46e1c431bc4a3e5a01921e1e13a50,MD5,66/75,2ca46e1c431bc4a3e5a01921e1e13a50,a62740e220e752ff326879eef1b9e16f1bdd9978,f764089e78f3fb6366d1e292c4636a8513f712876b51130f3f20be5083f22b48,Win32 EXE,"PE32 executable (GUI) Intel 80386, for MS Windows",04/03/2024 3:26,N/A,15/06/2024 8:01,10/06/2024 21:55,17/06/2024 1:20,05/02/2025 14:02,f764089e78f3fb6366d1e292c4636a8513f712876b51130f3f20be5083f22b48.exe,2ca46e1c431bc4a3e5a01921e1e13a50_NeikiAnalytics.exe,WB.exe,Malicious
187,2cb000de37259f64fa246a6f6d53dd11386a499c,SHA1,N/A,N/A,N/A,N/A,N/A,N/A,N/A,N/A,N/A,N/A,N/A,N/A,null,null,null,N/A
188,2cdca7cc8eea46d55fb1ef32b4273452,MD5,N/A,N/A,N/A,N/A,N/A,N/A,N/A,N/A,N/A,N/A,N/A,N/A,null,null,null,N/A
189,2d133fd52a4f4e40b921e33dfbec4e7a,MD5,N/A,N/A,N/A,N/A,N/A,N/A,N/A,N/A,N/A,N/A,N/A,N/A,null,null,null,N/A
190,2d28f554f86904da04e39affeda9c4da6e649fe5a9530cc44d67cc4cf3706d27,SHA256,0/76,c43162b66521518203098e34b66d5f1e,5436320cdc178db2c3fd9584916a1a13c26d80d6,2d28f554f86904da04e39affeda9c4da6e649fe5a9530cc44d67cc4cf3706d27,Office Open XML Document,Microsoft Word 2007+,19/07/2019 12:15,N/A,N/A,18/10/2019 11:55,27/11/2024 6:22,27/11/2024 6:22,2d28f554f86904da04e39affeda9c4da6e649fe5a9530cc44d67cc4cf3706d27.ole,Ch_13_Notices_of_Value_NEW.docx,null,Benign
191,2d9b5945714ea805ce5f1cf030d4433a,MD5,40/77,2d9b5945714ea805ce5f1cf030d4433a,4e4404fea5783dc087ee122528d1a54fafe986fe,bcbff255ab9eb2201692467e5a33eada684a4b8c446d730a2f4820fb3c51eeb5,Office Open XML Spreadsheet,Microsoft Excel 2007+,03/08/2023 11:34,N/A,N/A,14/06/2024 16:44,16/06/2024 13:26,11/03/2025 17:01,bcbff255ab9eb2201692467e5a33eada684a4b8c446d730a2f4820fb3c51eeb5.xlsx,cotizaciòn.xlam,__substg1.0_37010102,Malicious
192,2db4c63b3a1daac2a89a98b798430914,MD5,N/A,N/A,N/A,N/A,N/A,N/A,N/A,N/A,N/A,N/A,N/A,N/A,null,null,null,N/A
193,2db513b21d6aa31cc5402582c8fed043862c8ea5,SHA1,N/A,N/A,N/A,N/A,N/A,N/A,N/A,N/A,N/A,N/A,N/A,N/A,null,null,null,N/A
194,2dc715a2f6527f0444a473c14881341d6c057b61,SHA1,N/A,N/A,N/A,N/A,N/A,N/A,N/A,N/A,N/A,N/A,N/A,N/A,null,null,null,N/A
195,2dd19f00c8fe2e83a72b6b2b5a0f84bb7c068b48,SHA1,N/A,N/A,N/A,N/A,N/A,N/A,N/A,N/A,N/A,N/A,N/A,N/A,null,null,null,N/A
196,2de9fa092d7c352b538462db3b0a9aa757924ad55383b24a61e797cf3cf08372,SHA256,55/76,130e262fc8d5700e44df1213fa857f7f,e503933d4e1906f7ad224b2e81a67a9b2ac8119e,2de9fa092d7c352b538462db3b0a9aa757924ad55383b24a61e797cf3cf08372,Win32 EXE,"PE32 executable (GUI) Intel 80386 Mono/.Net assembly, for MS Windows",11/06/2024 4:29,N/A,N/A,14/06/2024 8:27,18/06/2024 15:56,22/01/2025 13:11,nfCUL.exe,2de9fa092d7c352b538462db3b0a9aa757924ad55383b24a61e797cf3cf08372.exe,wanmgr.exe,Malicious
197,2debeb3bd8ee05e342aec360134d65f6f3e637145ebc001f243e21e58d8503f2,SHA256,0/76,45ea58abb3ff8dd0412c50e7292a6720,3f434b59102183ee36b73853719655b29769847f,2debeb3bd8ee05e342aec360134d65f6f3e637145ebc001f243e21e58d8503f2,Win32 EXE,"PE32 executable (console) Intel 80386 Mono/.Net assembly, for MS Windows",26/07/2012 23:00,N/A,26/07/2012 14:41,15/01/2013 14:56,26/11/2024 14:33,26/11/2024 14:33,GraphCmd.exe,2debeb3bd8ee05e342aec360134d65f6f3e637145ebc001f243e21e58d8503f2.exe,MWDD.cpl,Benign
198,2df426b17b388c25155ac3753ce7ad601c7e63bc,SHA1,N/A,N/A,N/A,N/A,N/A,N/A,N/A,N/A,N/A,N/A,N/A,N/A,null,null,null,N/A
199,2df7b0d6ed9d2ad1dba3a9ba6b4d44bc4d7667b25b78b02b81cb0fa5b04fb9dd,SHA256,Jan-76,6aeb396e7c2312da064208d8b641591c,3e81d313217e371b62d24f4953d23bbf75d6eda1,2df7b0d6ed9d2ad1dba3a9ba6b4d44bc4d7667b25b78b02b81cb0fa5b04fb9dd,Win32 EXE,"PE32+ executable (console) x86-64 (stripped to external PDB), for MS Windows",01/01/1970 4:41,N/A,N/A,24/11/2016 6:19,16/10/2024 7:42,10/03/2025 8:30,2df7b0d6ed9d2ad1dba3a9ba6b4d44bc4d7667b25b78b02b81cb0fa5b04fb9dd.exe,rbox.exe,b467.exe,Malicious
200,2e1387fcf93dfd7388f2d4bf4e83b241,MD5,50/76,2e1387fcf93dfd7388f2d4bf4e83b241,a46e8121478f6e6e8936779ab37016fc2236e74b,2f2a657e78d19142f29590d7356400838486c7365da53e457de448eb49f90ddc,Win32 EXE,"PE32 executable (GUI) Intel 80386 Mono/.Net assembly, for MS Windows",05/06/2024 10:58,N/A,N/A,05/06/2024 11:11,17/06/2024 16:21,27/01/2025 10:48,SpotifyStartupTask,SpotifyStartupTask.exe,2f2a657e78d19142f29590d7356400838486c7365da53e457de448eb49f90ddc.exe,Malicious
201,2e23301a5969b80c8154cf6e3d96545c776d9f5c76d04bf3a5655e5d754c850e,SHA256,54/76,ad1046db81c3734f859e2a3428ab9996,064320e42a547af70dcc4082011ab851f699cc34,2e23301a5969b80c8154cf6e3d96545c776d9f5c76d04bf3a5655e5d754c850e,Win32 EXE,"PE32 executable (GUI) Intel 80386, for MS Windows",08/06/2024 11:27,N/A,04/08/2024 20:40,11/06/2024 6:14,04/08/2024 19:56,28/01/2025 12:01,abc.exe,2e23301a5969b80c8154cf6e3d96545c776d9f5c76d04bf3a5655e5d754c850e.exe,null,Malicious
202,2e2a40d004346e95cdb0a91dcd881be1f2ee6d9eef16f239c40f6b4e2383c656,SHA256,0/76,aac10cd188ee6bb486290c3d59aeb96d,4bb4cc962a1ed1be120494d314214b49188ba5f3,2e2a40d004346e95cdb0a91dcd881be1f2ee6d9eef16f239c40f6b4e2383c656,Win32 EXE,"PE32 executable (console) Intel 80386 Mono/.Net assembly, for MS Windows",07/05/2015 5:34,N/A,06/05/2015 20:34,18/06/2015 6:58,27/11/2024 6:07,27/11/2024 6:07,aspnet_compiler.exe,2e2a40d004346e95cdb0a91dcd881be1f2ee6d9eef16f239c40f6b4e2383c656.exe,01ad050d31985142a5649fcb74d83b1f.tmp,Benign
203,2e69915979aa670618226c92b35dcb8c,MD5,N/A,N/A,N/A,N/A,N/A,N/A,N/A,N/A,N/A,N/A,N/A,N/A,null,null,null,N/A
204,2e7d6d1f1f1ec616eb608d1e9dc47a56,MD5,65/76,2e7d6d1f1f1ec616eb608d1e9dc47a56,da0a7fe8f90d5548d4e5dca8198c1298e81c2578,f9a8439b27e33b82578b1bac2e1abef4e8bf15cbef1bb935b242bbdda0535478,Win32 EXE,"PE32 executable (GUI) Intel 80386 Mono/.Net assembly, for MS Windows",11/06/2018 17:07,N/A,11/07/2024 13:43,13/06/2024 18:28,17/06/2024 19:42,27/01/2025 10:52,1.exe,f9a8439b27e33b82578b1bac2e1abef4e8bf15cbef1bb935b242bbdda0535478.exe,null,Malicious
205,2e8216126d52163a11f9de83cb115f25,MD5,N/A,N/A,N/A,N/A,N/A,N/A,N/A,N/A,N/A,N/A,N/A,N/A,null,null,null,N/A
206,2e9e9ffc6845aa05ccfb10b99103051ed5141492,SHA1,N/A,N/A,N/A,N/A,N/A,N/A,N/A,N/A,N/A,N/A,N/A,N/A,null,null,null,N/A
207,2ea4e14ea0250e212e217cc3663be8b1dde72a181016d6ba9a918299266953fc,SHA256,0/76,17b615753e3f637b8f4265118213a6ab,bee8743eb7f38c0fe7786c1a56fdb89e49b927b5,2ea4e14ea0250e212e217cc3663be8b1dde72a181016d6ba9a918299266953fc,Win32 EXE,data,N/A,N/A,10/07/2015 7:28,23/07/2015 7:23,12/10/2024 6:57,09/12/2024 5:00,2ea4e14ea0250e212e217cc3663be8b1dde72a181016d6ba9a918299266953fc.exe,BootExpCfg.exe,a17.exe,Benign
208,2ecc657dd813292977c203d230272431e41a52a5,SHA1,N/A,N/A,N/A,N/A,N/A,N/A,N/A,N/A,N/A,N/A,N/A,N/A,null,null,null,N/A
209,2edf7c8fd59cd5fcd19fa528f60cbd6ddb9a8076ae0280b11d8ea8eaf7d39958,SHA256,0/77,9b112fda1d5fb7b75627461001ac692a,43d66948ab09a9cad3d86552892284b890c22728,2edf7c8fd59cd5fcd19fa528f60cbd6ddb9a8076ae0280b11d8ea8eaf7d39958,Win32 EXE,"PE32 executable (GUI) Intel 80386, for MS Windows",20/07/2017 6:45,N/A,07/10/2016 1:06,03/08/2017 8:02,16/10/2024 7:46,16/10/2024 7:46,armsvc.exe,2edf7c8fd59cd5fcd19fa528f60cbd6ddb9a8076ae0280b11d8ea8eaf7d39958.exe,avz00002.dta,Benign
210,2f2a657e78d19142f29590d7356400838486c7365da53e457de448eb49f90ddc,SHA256,50/76,2e1387fcf93dfd7388f2d4bf4e83b241,a46e8121478f6e6e8936779ab37016fc2236e74b,2f2a657e78d19142f29590d7356400838486c7365da53e457de448eb49f90ddc,Win32 EXE,"PE32 executable (GUI) Intel 80386 Mono/.Net assembly, for MS Windows",05/06/2024 10:58,N/A,N/A,05/06/2024 11:11,17/06/2024 16:21,27/01/2025 10:48,SpotifyStartupTask,SpotifyStartupTask.exe,2f2a657e78d19142f29590d7356400838486c7365da53e457de448eb49f90ddc.exe,Malicious
211,2f319ab076f8694f6966beb2a353d98688438d4dbb44f5b669cf562409437b47,SHA256,0/77,24b6daba8f899f09214cc739ff55b085,af0f74fd77d1b412d05a3395ecf607d306967ad1,2f319ab076f8694f6966beb2a353d98688438d4dbb44f5b669cf562409437b47,Win32 EXE,"PE32 executable (console) Intel 80386 Mono/.Net assembly, for MS Windows",27/07/2012 0:24,N/A,26/07/2012 14:08,14/01/2013 1:07,28/10/2024 2:05,28/10/2024 2:05,2f319ab076f8694f6966beb2a353d98688438d4dbb44f5b669cf562409437b47.exe,vstest.discoveryengine.x86.exe,sbs_ve_ambr_20150630210050.625_    315297,Benign
212,2f555468f2b76f26648ae61c418ead8a,MD5,65/76,2f555468f2b76f26648ae61c418ead8a,94b1a5f05715682d6bd747c4a8029006490d88d2,581a31b1ddaa6eea7b78a57b4615d8def8c688aeb0dd38da8a0ef3d248e88892,Win32 EXE,"PE32 executable (GUI) Intel 80386, for MS Windows",19/06/1992 22:22,N/A,N/A,22/05/2024 11:32,20/06/2024 9:16,14/02/2025 5:00,581a31b1ddaa6eea7b78a57b4615d8def8c688aeb0dd38da8a0ef3d248e88892.exe,Everything V5.1.exe,null,Malicious
213,2f6881088da07c462a044bc935121129,MD5,N/A,N/A,N/A,N/A,N/A,N/A,N/A,N/A,N/A,N/A,N/A,N/A,null,null,null,N/A
214,2f8863af1cef7895886b9db5828031c0f9ddf498,SHA1,N/A,N/A,N/A,N/A,N/A,N/A,N/A,N/A,N/A,N/A,N/A,N/A,null,null,null,N/A
215,2fcf8271f98fa106f1253267790813b217a7e7f2,SHA1,N/A,N/A,N/A,N/A,N/A,N/A,N/A,N/A,N/A,N/A,N/A,N/A,null,null,null,N/A
216,2fd6ac47c976d64d9e9ee523cd5ae9202cc7add7,SHA1,Mar-77,c2e955a41f48c4c0bfc99c537790baae,2fd6ac47c976d64d9e9ee523cd5ae9202cc7add7,aab68c6ef20ee8fb31235a632f71076e97ae66b51f7035bc4ff003029dfef4ce,ZIP,"Zip archive data, at least v1.0 to extract, compression method=store",N/A,N/A,N/A,16/06/2016 17:43,16/10/2024 1:10,17/10/2024 10:06,PlasmaHTTP.zip,VirusShare_c2e955a41f48c4c0bfc99c537790baae,aa,Malicious
217,2feca84ea3324cfe494b3c7ae2c7453c43560dc5,SHA1,N/A,N/A,N/A,N/A,N/A,N/A,N/A,N/A,N/A,N/A,N/A,N/A,null,null,null,N/A
218,304f34f5a9d1c1c7a3fd894dd93d8b6616a615600d475923443bca4e7587c9b8,SHA256,0/77,73c5128f37cf73defebad5e0d34f9d23,da3265649a30014341d6885301fd52fa490a5d6f,304f34f5a9d1c1c7a3fd894dd93d8b6616a615600d475923443bca4e7587c9b8,Win32 EXE,"PE32+ executable (GUI) x86-64, for MS Windows",23/08/1970 0:38,N/A,04/12/2017 16:39,11/05/2017 21:20,16/10/2024 8:16,16/10/2024 8:16,304f34f5a9d1c1c7a3fd894dd93d8b6616a615600d475923443bca4e7587c9b8.exe,file-sgi,file-sgi.exe,Benign
219,306768724d73b0b9166f40c1c235b79a,MD5,43/75,306768724d73b0b9166f40c1c235b79a,b90d776f86ac825dfc7239256d2b34c518d7a2d5,6152d7d9336d0430a447f14bcd5f5566e13d8180afa86146a91a07474811f7c0,ELF,"ELF 32-bit LSB executable, Intel 80386, version 1 (SYSV), statically linked, with debug_info, not stripped",N/A,N/A,16/06/2024 12:01,16/06/2024 8:40,17/06/2024 17:13,10/02/2025 6:02,6152d7d9336d0430a447f14bcd5f5566e13d8180afa86146a91a07474811f7c0.elf,bot.x86,zbetcheckin_tracker_bot.x86,Malicious
220,3073359c5df26e21be6b1bca0036de6510605938,SHA1,N/A,N/A,N/A,N/A,N/A,N/A,N/A,N/A,N/A,N/A,N/A,N/A,null,null,null,N/A
221,3089f25b8c3d6630f41861fa1d72704f3947210f,SHA1,N/A,N/A,N/A,N/A,N/A,N/A,N/A,N/A,N/A,N/A,N/A,N/A,null,null,null,N/A
222,30ab73dde2e9a279b8bfa2a07c0307de,MD5,N/A,N/A,N/A,N/A,N/A,N/A,N/A,N/A,N/A,N/A,N/A,N/A,null,null,null,N/A
223,311198eeb76c5cb081151452a73159c194300121515e3fd875429152ae7761aa,SHA256,61/76,eb896b51453c804f14c11eee64c0ff79,e13b7ab9b10d698bb766141fccae0e7cf19c7195,311198eeb76c5cb081151452a73159c194300121515e3fd875429152ae7761aa,Win32 EXE,"PE32 executable (GUI) Intel 80386, for MS Windows",17/10/2019 5:39,N/A,16/06/2024 8:53,07/07/2022 15:15,17/06/2024 16:24,11/02/2025 4:02,311198eeb76c5cb081151452a73159c194300121515e3fd875429152ae7761aa.exe,3306.exe,Dumdu.exe,Malicious
224,311763efffec17158382ebb545b5e34116ff3ed5f4ccdbd2f00db805992d928c,SHA256,56/76,68866acdadaec4fe950d5648386e8d1f,71332e0c4ed5f9117446d6735a946ebea6c90747,311763efffec17158382ebb545b5e34116ff3ed5f4ccdbd2f00db805992d928c,Win32 EXE,"PE32 executable (GUI) Intel 80386 Mono/.Net assembly, for MS Windows",04/05/2022 16:03,N/A,N/A,12/06/2024 9:23,20/06/2024 9:18,31/01/2025 14:01,libGLESv2.dll,setup.exe,311763efffec17158382ebb545b5e34116ff3ed5f4ccdbd2f00db805992d928c.exe,Malicious
225,3146f2002112e5ba7562a28ff1883f9a,MD5,60/76,3146f2002112e5ba7562a28ff1883f9a,9bd64b0954d746395e8080e563dbb39b254fac7d,1eb7992ca97e8bb0b65faeaf69b30d9ac84406b1f35d6a900f8de748ab6a6a64,Win32 EXE,"PE32 executable (GUI) Intel 80386 Mono/.Net assembly, for MS Windows",04/05/2022 16:03,N/A,N/A,11/06/2024 15:27,17/06/2024 16:11,28/01/2025 9:15,Intocrtmonitor.exe,libGLESv2.dll,1eb7992ca97e8bb0b65faeaf69b30d9ac84406b1f35d6a900f8de748ab6a6a64.exe,Malicious
226,3160797d660122310bba6d0de8c6dc737d79bd75,SHA1,N/A,N/A,N/A,N/A,N/A,N/A,N/A,N/A,N/A,N/A,N/A,N/A,null,null,null,N/A
227,31653c4fd827f00084830c66af9faa952e99d24f,SHA1,N/A,N/A,N/A,N/A,N/A,N/A,N/A,N/A,N/A,N/A,N/A,N/A,null,null,null,N/A
228,318ac663493eec3b86b08e63049ca78e,MD5,N/A,N/A,N/A,N/A,N/A,N/A,N/A,N/A,N/A,N/A,N/A,N/A,null,null,null,N/A
229,31fdade15837fa7714b82aaac1c37323,MD5,41/76,31fdade15837fa7714b82aaac1c37323,ded1a6cd069e4706bdb1e36be197de70db8db128,95adc06bf5cdc68a0946906259304d939076ec26ba27335c41e65fbe17fa9a2c,ELF,"ELF 32-bit LSB executable, MIPS, MIPS-I version 1 (SYSV), statically linked, not stripped",N/A,N/A,15/06/2024 8:01,15/06/2024 6:47,16/06/2024 12:40,27/01/2025 7:03,95adc06bf5cdc68a0946906259304d939076ec26ba27335c41e65fbe17fa9a2c.elf,m-p.s-l.Sakura,m-p.s-l.Sakura.elf,Malicious
230,32b52e6d9366292f8664518b887d37b551d9fc911689e5c0e89d33a69f526e5d,SHA256,0/76,44223173ecc1d2cb79c7911acb080b27,502ce7b9c4a62fb7938f7d346331077d74f66129,32b52e6d9366292f8664518b887d37b551d9fc911689e5c0e89d33a69f526e5d,Win32 EXE,"PE32 executable (console) Intel 80386 (stripped to external PDB), for MS Windows",01/01/1970 9:17,N/A,16/02/2018 10:38,08/02/2015 15:48,28/11/2024 6:33,28/11/2024 6:33,tee.exe,32b52e6d9366292f8664518b887d37b551d9fc911689e5c0e89d33a69f526e5d.exe,aa,Benign
231,32e23d2a6363a4ae1ef3eccf6bbc233e,MD5,59/76,32e23d2a6363a4ae1ef3eccf6bbc233e,f2ed0bd4da811d4c29ff25b4ac799be7ceefc694,f419ddfc11a334a5ab4f9a289db5783877d4108107ed912e2e2b3f57ae9be808,Win32 EXE,"PE32 executable (GUI) Intel 80386 Mono/.Net assembly, for MS Windows",13/06/2024 13:29,N/A,13/06/2024 21:20,13/06/2024 18:52,15/06/2024 16:20,19/02/2025 15:02,oZxc.exe,f419ddfc11a334a5ab4f9a289db5783877d4108107ed912e2e2b3f57ae9be808.exe,QUOTATION.exe,Malicious
232,32f8edf940cb26e86508fd458c25ad84,MD5,N/A,N/A,N/A,N/A,N/A,N/A,N/A,N/A,N/A,N/A,N/A,N/A,null,null,null,N/A
233,33152c157d21413a3bb2cd15a476f2c6,MD5,N/A,N/A,N/A,N/A,N/A,N/A,N/A,N/A,N/A,N/A,N/A,N/A,null,null,null,N/A
234,3316892f6697587800b2316b9bb4fc0e38c8c2c3,SHA1,N/A,N/A,N/A,N/A,N/A,N/A,N/A,N/A,N/A,N/A,N/A,N/A,null,null,null,N/A
235,336e10c99d696c1b052ecb751bf0669c,MD5,52/76,336e10c99d696c1b052ecb751bf0669c,ed520e384c320d26a5f643d2b55647cc96552a45,12cae3c51e1df519f6c55e40b5ff5bd5905cdf6a5e5b4333ddf730f500531b02,Win32 EXE,"PE32 executable (GUI) Intel 80386, for MS Windows, UPX compressed",15/06/2024 4:45,N/A,N/A,15/06/2024 7:48,15/06/2024 16:16,28/01/2025 10:21,12cae3c51e1df519f6c55e40b5ff5bd5905cdf6a5e5b4333ddf730f500531b02.exe,PQ2.exe,null,Malicious
236,33a4228d1104fc82728918a55bc16f4f,MD5,Jan-76,33a4228d1104fc82728918a55bc16f4f,c35f188416f580559e0230b271308dc8d1876585,1e09aac18f6374804e04c6ba11b5b96d766fca4c9cd3d7085c25c59489168fcb,Win32 EXE,"PE32 executable (GUI) Intel 80386, for MS Windows",12/06/2020 9:36,N/A,16/06/2024 4:01,16/06/2024 3:25,06/08/2024 15:09,07/11/2024 19:00,1e09aac18f6374804e04c6ba11b5b96d766fca4c9cd3d7085c25c59489168fcb.exe,1e09aac18f6374804e04c6ba11b5b96d766fca4c9cd3d7085c25c59489168fcb.exe.vir,33a4228d1104fc82728918a55bc16f4f.virus,Malicious
237,34020455ed8cde22a065a9db5e0cdbb7,MD5,44/75,34020455ed8cde22a065a9db5e0cdbb7,68ade502d0025145873e867a117ef2e6cce5d879,e9626f6bf01fc7430783fc05e76a8acae124bbadcc7fb7aa900c91e60fe76337,ELF,"ELF 32-bit LSB executable, ARM, EABI4 version 1 (SYSV), statically linked, with debug_info, not stripped",N/A,N/A,15/06/2024 8:01,15/06/2024 6:50,16/06/2024 14:25,05/02/2025 10:02,e9626f6bf01fc7430783fc05e76a8acae124bbadcc7fb7aa900c91e60fe76337.elf,a-r.m-6.Sakura,a-r.m-6.Sakura.elf,Malicious
238,343883df0625d9ab21c3de31c2c5fbcc24c6d0c151d2dcacd2ba1f04e6a40ad6,SHA256,0/76,e7667239fc311cbbc86e84c7d4ed1f23,ba55b9c8d2edca3483d600616cb1a9114d4f625f,343883df0625d9ab21c3de31c2c5fbcc24c6d0c151d2dcacd2ba1f04e6a40ad6,Win32 EXE,"PE32 executable (GUI) Intel 80386, for MS Windows",30/03/2010 15:32,N/A,29/03/2010 18:36,21/04/2010 13:04,18/12/2024 11:23,10/03/2025 10:35,INFOPATH.EXE,infopath.exe,eqs2CF8.tmp,Benign
239,3468c4386fc3c77db40f5e59137cfe9b1f14cfb1,SHA1,N/A,N/A,N/A,N/A,N/A,N/A,N/A,N/A,N/A,N/A,N/A,N/A,null,null,null,N/A
240,34776f4097cc724b792717d083235ea2e0d2e9da,SHA1,N/A,N/A,N/A,N/A,N/A,N/A,N/A,N/A,N/A,N/A,N/A,N/A,null,null,null,N/A
241,34aa2e26b2e4b169cb7c899f8bf049e3,MD5,N/A,N/A,N/A,N/A,N/A,N/A,N/A,N/A,N/A,N/A,N/A,N/A,null,null,null,N/A
242,34bec582ee63f7263a848a2c07ebf4ed,MD5,N/A,N/A,N/A,N/A,N/A,N/A,N/A,N/A,N/A,N/A,N/A,N/A,null,null,null,N/A
243,35090d7bfe5531418c17104c3418b08a,MD5,N/A,N/A,N/A,N/A,N/A,N/A,N/A,N/A,N/A,N/A,N/A,N/A,null,null,null,N/A
244,35186e4b9b1220e1748d6af89444d11a,MD5,N/A,N/A,N/A,N/A,N/A,N/A,N/A,N/A,N/A,N/A,N/A,N/A,null,null,null,N/A
245,354527dec67ab7195303fb08672deea1,MD5,61/76,354527dec67ab7195303fb08672deea1,4fdb0802a382bbeed2f3dfb901da855b7057cc34,1d960231c00cfd95b80ce55d8fc79f55465137ca4305df26517cca821a1a240a,Win32 EXE,"PE32 executable (console) Intel 80386 (stripped to external PDB), for MS Windows",N/A,N/A,N/A,14/06/2024 17:26,15/06/2024 14:24,14/02/2025 21:01,1d960231c00cfd95b80ce55d8fc79f55465137ca4305df26517cca821a1a240a.bin,1d960231c00cfd95b80ce55d8fc79f55465137ca4305df26517cca821a1a240a.exe,354527dec67ab7195303fb08672deea1.virus,Malicious
246,35a2d73b7a196673c4056e18c44729cf65806f55763aa6c026776f77509b3344,SHA256,0/76,2d40a8f6b34cf2d1085519cbd6cacf33,c1db87aec6c5ca8c55cd5bac627625c166c8da13,35a2d73b7a196673c4056e18c44729cf65806f55763aa6c026776f77509b3344,Win32 DLL,"PE32 executable (DLL) (GUI) Intel 80386, for MS Windows",25/03/2010 3:17,N/A,01/07/2009 9:13,21/04/2010 11:03,18/11/2024 14:24,27/02/2025 3:07,Icon.9819A1AF.9ED2.43F8.B4F2.E650104FD52C,Icon.oisicon.exe,icons.exe,Benign
247,35dea5908c411c55232760a766992b4d,MD5,60/76,35dea5908c411c55232760a766992b4d,803e87e294445707b2480e0f6eeb21990be7522e,4833f6e7b2beb3821ccd544a936f3d6db6403ee58c05038f15f2d1544f2acd3c,Win32 EXE,"PE32 executable (GUI) Intel 80386 Mono/.Net assembly, for MS Windows",12/03/2023 16:16,N/A,N/A,16/06/2024 11:53,20/06/2024 9:04,03/03/2025 5:41,Client.exe,4833f6e7b2beb3821ccd544a936f3d6db6403ee58c05038f15f2d1544f2acd3c.exe,Client-built.exe,Malicious
248,35e31d508c28c89153ef55ffe8c8ba53,MD5,58/76,35e31d508c28c89153ef55ffe8c8ba53,c74bd105dcac27193f9b432a8a45719b5bb60de1,10fe9e0b3b861a06727addb3e0291727bdd8cd91bebbed4b3d6bc901aa15dde1,Win32 EXE,"PE32 executable (GUI) Intel 80386 (stripped to external PDB), for MS Windows",N/A,N/A,13/06/2024 8:03,12/06/2024 19:04,18/06/2024 15:08,15/02/2025 22:02,10fe9e0b3b861a06727addb3e0291727bdd8cd91bebbed4b3d6bc901aa15dde1.exe,LicGen.exe,null,Malicious
249,35f49ae7af6b0396af39f7fafc574373,MD5,64/81,35f49ae7af6b0396af39f7fafc574373,66d6f87f587375b4ed11282774044582f75ea234,200b4bbd25657a3c94e568e04b9b6417d4640a7f0748de8ec9fde721810c7bd4,Win32 EXE,"PE32 executable (GUI) Intel 80386 Mono/.Net assembly, for MS Windows",14/06/2024 2:07,N/A,14/06/2024 12:21,14/06/2024 9:31,16/06/2024 9:28,23/02/2025 7:03,FnAY.exe,200b4bbd25657a3c94e568e04b9b6417d4640a7f0748de8ec9fde721810c7bd4.exe,DEBIT NOTE - CTY TNHH DA JIFENG (14-06-2024).exe,Malicious
250,360709930d736103161c3562835a6d9e,MD5,N/A,N/A,N/A,N/A,N/A,N/A,N/A,N/A,N/A,N/A,N/A,N/A,null,null,null,N/A
251,3650affab7494d13c69ac4a48447c037,MD5,55/76,3650affab7494d13c69ac4a48447c037,e4b9905c01a57d3acccb5c0f4a7366f0ccd9cc9d,3f963672abd239a6a5276572982dcb639e7a53295a7ab81ab3106724085b24b3,Win32 EXE,"PE32 executable (GUI) Intel 80386, for MS Windows",01/12/2020 18:00,N/A,N/A,12/06/2024 19:38,20/06/2024 9:04,13/02/2025 15:01,3f963672abd239a6a5276572982dcb639e7a53295a7ab81ab3106724085b24b3.exe,Extreme Injector v3.exe,A1,Malicious
252,367264ed2423f2649b1658bcc24437e2975b63ed,SHA1,N/A,N/A,N/A,N/A,N/A,N/A,N/A,N/A,N/A,N/A,N/A,N/A,null,null,null,N/A
253,36b7614f2f6b0788e6c2be5def44c68f,MD5,55/76,36b7614f2f6b0788e6c2be5def44c68f,0aca41d981fbc11d8eee8d7c668fc68637b4985c,f5efd1b435706c4eb87582528b1f34825765cc5324f768a93d763b31642f8263,Win32 EXE,"PE32 executable (GUI) Intel 80386 Mono/.Net assembly, for MS Windows",10/05/2020 5:24,N/A,15/06/2024 12:20,15/06/2024 10:36,16/06/2024 14:32,28/01/2025 12:00,f5efd1b435706c4eb87582528b1f34825765cc5324f768a93d763b31642f8263.exe,Sysbin.exe,36b7614f2f6b0788e6c2be5def44c68f.virus,Malicious
254,36de2b8843b566ab0d35b98ad913ae49c6eabe6a,SHA1,N/A,N/A,N/A,N/A,N/A,N/A,N/A,N/A,N/A,N/A,N/A,N/A,null,null,null,N/A
255,3719ee5e9cbfbb8b4084a0f91e226952,MD5,N/A,N/A,N/A,N/A,N/A,N/A,N/A,N/A,N/A,N/A,N/A,N/A,null,null,null,N/A
256,373d0778d083a04943032826a3571e5e8d450a9535f5a901db43c791200a774d,SHA256,0/76,7c66cba152aa474cfa1886cd6a49e221,cc428e44056ed1554571725d308d068ee4287ff2,373d0778d083a04943032826a3571e5e8d450a9535f5a901db43c791200a774d,Win32 EXE,"PE32+ executable (console) x86-64, for MS Windows",19/11/2016 7:00,N/A,17/10/2016 21:10,14/12/2016 2:27,28/11/2024 5:49,28/11/2024 5:49,MpCmdRun,MpCmdRun.exe,373d0778d083a04943032826a3571e5e8d450a9535f5a901db43c791200a774d.exe,Benign
257,37413e77a44940fab9c34f89f587ca6a,MD5,56/76,37413e77a44940fab9c34f89f587ca6a,8fbdf89b4f701cd1e334b53b2c8b28cfbfa5dcdf,3281d57fa722b506b76e2221ab97e94890ddd7dd7e2fe153f9e382728a9e870b,Win32 EXE,"PE32 executable (GUI) Intel 80386 Mono/.Net assembly, for MS Windows",15/06/2024 7:24,N/A,15/06/2024 7:33,15/06/2024 7:40,20/06/2024 0:05,14/02/2025 22:44,Epmiut.exe,3281d57fa722b506b76e2221ab97e94890ddd7dd7e2fe153f9e382728a9e870b.exe,null,Malicious
258,376e1802b979514ba0e9c73933a8c6a09dd3f1d2a289f420c2202e64503d08a7,SHA256,48/75,6cfddd5ce9ca4bb209bd5d8c2cd80025,424da82e9edbb6b39a979ab97d84239a1d67c48b,376e1802b979514ba0e9c73933a8c6a09dd3f1d2a289f420c2202e64503d08a7,Win32 EXE,"PE32 executable (GUI) Intel 80386, for MS Windows",02/05/2018 7:27,N/A,11/06/2024 10:24,11/06/2024 13:20,07/12/2024 3:09,04/02/2025 12:01,Econap.exe,6cfddd5ce9ca4bb209bd5d8c2cd80025.bin,am.exe,Malicious
259,376e55fb475cdb496f46f8a7457af4bbe082c1697504e5af2b21175d01a2908e,SHA256,44/76,40092c74f8088072bd611d339cac5417,6accd2ec2a1ecc0e2692ace9e3e85b9621486d6e,376e55fb475cdb496f46f8a7457af4bbe082c1697504e5af2b21175d01a2908e,ELF,"ELF 32-bit LSB executable, ARM, version 1 (ARM), statically linked, stripped",N/A,N/A,15/06/2024 2:01,15/06/2024 2:30,09/07/2024 0:08,16/02/2025 22:03,la.bot.arm5,dvrLocker,376e55fb475cdb496f46f8a7457af4bbe082c1697504e5af2b21175d01a2908e.elf,Malicious
260,3777466cacecedcab6f2e7adc82cfc5f18c0c7f41bea1c68192c4027d53c0d0e,SHA256,0/77,7c62e3e15cb395a4418a2ae9ee928c27,f3d79979e8e6bf931582fc364b36a9ede60480b6,3777466cacecedcab6f2e7adc82cfc5f18c0c7f41bea1c68192c4027d53c0d0e,Win32 EXE,"PE32+ executable (GUI) x86-64, for MS Windows",02/01/1970 12:25,N/A,07/10/2017 13:49,11/05/2017 21:20,16/10/2024 8:13,16/10/2024 8:13,3777466cacecedcab6f2e7adc82cfc5f18c0c7f41bea1c68192c4027d53c0d0e.exe,file-html-table,file-html-table.exe,Benign
261,377bf62c7b5a5839ddb700c0dcd49349a476720e,SHA1,N/A,N/A,N/A,N/A,N/A,N/A,N/A,N/A,N/A,N/A,N/A,N/A,null,null,null,N/A
262,377c0e34938c5c87ce613c5f2ea64c702baa55d2368c20ab375ecc8b605d0a76,SHA256,Jan-76,c99a89a5b3412e165bee213582fac1a5,0280bbccf6ae5cbe628e3843af430d319bfcfcda,377c0e34938c5c87ce613c5f2ea64c702baa55d2368c20ab375ecc8b605d0a76,Win32 EXE,"PE32 executable (GUI) Intel 80386, for MS Windows",20/12/2016 2:44,N/A,19/12/2016 19:44,24/12/2016 11:34,27/11/2024 6:04,27/11/2024 6:04,377c0e34938c5c87ce613c5f2ea64c702baa55d2368c20ab375ecc8b605d0a76.exe,b516.exe,SourceServer.exe,Malicious
263,37a0cc1335ea0d72698b554705636dfa68c50033,SHA1,Feb-76,a246516627f90bfae274929cd16ca449,37a0cc1335ea0d72698b554705636dfa68c50033,65595d687ec4a653d985e5148d56db9c9f632bf55e60f40d901333b7f002735a,ZIP,"Zip archive data, at least v1.0 to extract, compression method=store",N/A,N/A,N/A,25/03/2015 16:59,29/10/2024 0:55,29/10/2024 0:55,X0R-USB_Jan2009.zip,VirusShare_a246516627f90bfae274929cd16ca449,aa,Malicious
264,37dece10631b3d6094fd6ac2397220250a6d820a,SHA1,N/A,N/A,N/A,N/A,N/A,N/A,N/A,N/A,N/A,N/A,N/A,N/A,null,null,null,N/A
265,37df607966b7219faf58bb94e931b455b27e86c52c54878307c9a4c564067cf4,SHA256,0/76,3b96398910c395b087fa438d3633befa,14492dd13472271d5c2b3e06254ed9d481475661,37df607966b7219faf58bb94e931b455b27e86c52c54878307c9a4c564067cf4,unknown,data,N/A,N/A,10/07/2015 8:45,23/07/2015 7:21,28/11/2024 6:13,28/11/2024 6:13,37df607966b7219faf58bb94e931b455b27e86c52c54878307c9a4c564067cf4.exe,LogCollector.exe,a161.exe,Benign
266,38272f9bf7342c2c8a8cb68e31902208,MD5,43/76,38272f9bf7342c2c8a8cb68e31902208,a3e15718af4f8763b87f2015ed345940ce99b950,6fe66b1bf0aa4b138f7d4e1c3021128dd87e99ef7da3193f267acb92c0e8d909,ELF,"ELF 32-bit MSB executable, PowerPC or cisco 4500, version 1 (SYSV), statically linked, not stripped",N/A,N/A,16/06/2024 12:01,16/06/2024 10:53,17/06/2024 17:23,29/01/2025 7:03,6fe66b1bf0aa4b138f7d4e1c3021128dd87e99ef7da3193f267acb92c0e8d909.elf,UnHAnaAW.ppc,38272f9bf7342c2c8a8cb68e31902208.virus,Malicious
267,3846f2ce94d43e9ef6c08cd0abfb5c6c6c993b00d8690bbea40cc525b44cc0a3,SHA256,0/76,662bd22c3283d1f65f880cd8a0c00069,1c86381086157e5aba8255f49a9f91de2213bbc7,3846f2ce94d43e9ef6c08cd0abfb5c6c6c993b00d8690bbea40cc525b44cc0a3,DOS EXE,MS-DOS executable,N/A,N/A,13/01/2017 8:52,19/07/2009 19:58,31/05/2024 9:00,03/03/2025 7:03,pconfig.exe,PCONFIG.EXE,175125765.exe,Benign
268,384db0b53fbe573a18d40e162ca2f5f2,MD5,57/76,384db0b53fbe573a18d40e162ca2f5f2,8afcbdb1c4e1eb198654d645a6dedde116d919b5,e8eac417d6b3650b3922e621cbff64aeca0848583d0ffbb8dce64f6bd331587b,Win32 EXE,"PE32 executable (GUI) Intel 80386 Mono/.Net assembly, for MS Windows",17/06/2024 3:14,N/A,N/A,17/06/2024 4:11,18/06/2024 19:21,11/03/2025 2:26,FFhb.exe,e8eac417d6b3650b3922e621cbff64aeca0848583d0ffbb8dce64f6bd331587b.exe,NPW36-12 - SO-3995 (SO+INV+PKW) TW103045287------此筆核單尚未收到再麻煩您.scr,Malicious
269,3850489828d5c351ee20395ef4bb6d67,MD5,N/A,N/A,N/A,N/A,N/A,N/A,N/A,N/A,N/A,N/A,N/A,N/A,null,null,null,N/A
270,38fde0b723ee334ad83aade3fe477890ab4cc470,SHA1,N/A,N/A,N/A,N/A,N/A,N/A,N/A,N/A,N/A,N/A,N/A,N/A,null,null,null,N/A
271,39696411a4ef2fe96a14cfc80db5b2a07a171bb4,SHA1,N/A,N/A,N/A,N/A,N/A,N/A,N/A,N/A,N/A,N/A,N/A,N/A,null,null,null,N/A
272,39a5c30bfd611c53a3e4decb61be3343,MD5,N/A,N/A,N/A,N/A,N/A,N/A,N/A,N/A,N/A,N/A,N/A,N/A,null,null,null,N/A
273,39aed2889e0f48187fcae74bf1b1d997,MD5,51/76,39aed2889e0f48187fcae74bf1b1d997,940f41ce3bb77948f37f66f69a8fa41ffd5bc67c,4eb63261714066b4a7be6d4692f4d7ea1a7a290250113e6497526e551e6d53ac,Win32 EXE,"PE32 executable (GUI) Intel 80386, for MS Windows, UPX compressed",15/06/2024 4:39,N/A,N/A,15/06/2024 5:39,16/06/2024 10:59,28/01/2025 11:16,4eb63261714066b4a7be6d4692f4d7ea1a7a290250113e6497526e551e6d53ac.exe,Nu2.exe,null,Malicious
274,39f39b086da7917da8b97771512d9d10,MD5,N/A,N/A,N/A,N/A,N/A,N/A,N/A,N/A,N/A,N/A,N/A,N/A,null,null,null,N/A
275,3a060d74b6926d2da463521a2cd1888d,MD5,N/A,N/A,N/A,N/A,N/A,N/A,N/A,N/A,N/A,N/A,N/A,N/A,null,null,null,N/A
276,3a32c178330eb6df6f298e63260865ea,MD5,43/76,3a32c178330eb6df6f298e63260865ea,a6f6d2e258e1f8d88964b82734a268944b839969,603f5bbac15c3091a446f42fb9c9fcb26892a9a2d14c40f572b526307c502f10,ELF,"ELF 32-bit MSB executable, MIPS, MIPS-I version 1 (SYSV), statically linked, stripped",N/A,N/A,16/06/2024 14:02,16/06/2024 12:32,17/06/2024 17:11,10/02/2025 18:02,603f5bbac15c3091a446f42fb9c9fcb26892a9a2d14c40f572b526307c502f10.elf,bot.mips,bot.mips.elf,Malicious
277,3a551f4bc9304ca928d25f15bb67aaf5a4002da9,SHA1,N/A,N/A,N/A,N/A,N/A,N/A,N/A,N/A,N/A,N/A,N/A,N/A,null,null,null,N/A
278,3a9351672e280c819516562ca07a4fa3,MD5,N/A,N/A,N/A,N/A,N/A,N/A,N/A,N/A,N/A,N/A,N/A,N/A,null,null,null,N/A
279,3ac5bfd046112d5514a91ed9dc8a67ee5e61e0b8e468a6668ade72da6549c358,SHA256,0/76,601485c153d236f8d29a4746be38b6d9,7eed0477ba7308d2860b8ebfac7234d54dd6b80d,3ac5bfd046112d5514a91ed9dc8a67ee5e61e0b8e468a6668ade72da6549c358,Office Open XML Presentation,Microsoft PowerPoint 2007+,03/06/2005 11:42,N/A,N/A,12/12/2016 14:19,27/11/2024 6:19,27/11/2024 6:19,3ac5bfd046112d5514a91ed9dc8a67ee5e61e0b8e468a6668ade72da6549c358.ole,slltccoaching.pptx,null,Benign
280,3b13a0cc60b0b9d82272b18499d901b8,MD5,N/A,N/A,N/A,N/A,N/A,N/A,N/A,N/A,N/A,N/A,N/A,N/A,null,null,null,N/A
281,3b1a9987695d98d5f74bce9a93647b62,MD5,24/76,3b1a9987695d98d5f74bce9a93647b62,0f8f5f6b1a6ca344d6b1427107e45e64283e6967,daa4aa8920913f164d9c575546f62d00a169037f1368833e097a40ebe069b0a1,Text,"Unicode text, UTF-16, little-endian text, with very long lines (32767u), with no line terminators",N/A,N/A,N/A,10/06/2024 6:47,19/11/2024 16:21,28/01/2025 11:02,Ticket Query 10th of June 2024-pdf.bat,daa4aa8920913f164d9c575546f62d00a169037f1368833e097a40ebe069b0a1.bat,daa4aa8920913f164d9c575546f62d00a169037f1368833e097a40ebe069b0a1,Malicious
282,3b6dfee130b2575864d368e2466243dd7dcc3f10,SHA1,N/A,N/A,N/A,N/A,N/A,N/A,N/A,N/A,N/A,N/A,N/A,N/A,null,null,null,N/A
283,3bbf04b29c4c093b36e7c08783c5fc3e,MD5,N/A,N/A,N/A,N/A,N/A,N/A,N/A,N/A,N/A,N/A,N/A,N/A,null,null,null,N/A
284,3bc5906d625e95dfb4744c2baa1e1a5d1b3f73ee663cc149f02ef7eaf23986c0,SHA256,0/77,bbadc3a63815f2e0aa52053f76cb478d,d899c887d2a02dcbfee3702d5851fba7a48cfad6,3bc5906d625e95dfb4744c2baa1e1a5d1b3f73ee663cc149f02ef7eaf23986c0,Win32 EXE,"PE32 executable (console) Intel 80386, for MS Windows",11/04/2012 5:18,N/A,10/04/2012 22:18,10/05/2012 7:58,16/10/2024 7:48,16/10/2024 7:48,coregen.exe,3bc5906d625e95dfb4744c2baa1e1a5d1b3f73ee663cc149f02ef7eaf23986c0.exe,465e65.rbf (copy),Benign
285,3bc8b8ad7f36089f72370ea636dbcecd,MD5,58/76,3bc8b8ad7f36089f72370ea636dbcecd,cd3cf1cd1e3fa4b8a5d70fdaf0d144b3876b8ff1,2b599764c1e782b1e499d7b7bc9c12b291c5a19756cf89d4e2cef3193cc6c90b,Win32 EXE,"PE32 executable (GUI) Intel 80386, for MS Windows",01/12/2020 18:00,N/A,11/06/2024 17:28,11/06/2024 15:26,16/06/2024 9:50,15/02/2025 21:04,2b599764c1e782b1e499d7b7bc9c12b291c5a19756cf89d4e2cef3193cc6c90b.exe,CrackedbyFace.exe,null,Malicious
286,3bf03f5dbedff07ef2aea3fa374f2e63ef0e06e9,SHA1,N/A,N/A,N/A,N/A,N/A,N/A,N/A,N/A,N/A,N/A,N/A,N/A,null,null,null,N/A
287,3bfaec111b2f60ae844606ea6872c4e369dac11f,SHA1,N/A,N/A,N/A,N/A,N/A,N/A,N/A,N/A,N/A,N/A,N/A,N/A,null,null,null,N/A
